#Version: 0.1,,,,
#Glossary type: Hymenoptera,,,,
#Source: ant_gloss_20130517080844,,,,
#Finalized by: Hong Cui,,,,
#Date: 9/20/2013,,,,
#Reviewers: Hong Cui,Sonali Ranade,,,
#Source producer: OTO System,,,,
,,,,
term,category,hasSyn,sourceDataset,termID
absence,character,0,ant_gloss_20130517080844,149aee8c-21de-11e3-a402-0026b9326338
abundance,density,1,ant_gloss_20130517080844,149af0ee-21de-11e3-a402-0026b9326338
acute_angular,shape,1,ant_gloss_20130517080844,149af1d4-21de-11e3-a402-0026b9326338
aedeagalvolsellar,structure,1,ant_gloss_20130517080844,149af38c-21de-11e3-a402-0026b9326338
align,arrangement,1,ant_gloss_20130517080844,149af45e-21de-11e3-a402-0026b9326338
alitrunk,structure,1,ant_gloss_20130517080844,149af530-21de-11e3-a402-0026b9326338
analfin,structure,1,ant_gloss_20130517080844,149af5f8-21de-11e3-a402-0026b9326338
angle,structure,1,ant_gloss_20130517080844,149affa8-21de-11e3-a402-0026b9326338
angle_like,shape,1,ant_gloss_20130517080844,149b0098-21de-11e3-a402-0026b9326338
antenna,structure,1,ant_gloss_20130517080844,149b016a-21de-11e3-a402-0026b9326338
anterio_basal,position,1,ant_gloss_20130517080844,149b023c-21de-11e3-a402-0026b9326338
anterior_ventral,position,1,ant_gloss_20130517080844,149b030e-21de-11e3-a402-0026b9326338
anterodorsal,position,1,ant_gloss_20130517080844,149b03d6-21de-11e3-a402-0026b9326338
anteroinferior,position,1,ant_gloss_20130517080844,149b049e-21de-11e3-a402-0026b9326338
apex,structure,1,ant_gloss_20130517080844,149b055c-21de-11e3-a402-0026b9326338
apical,position,0,ant_gloss_20130517080844,149b0624-21de-11e3-a402-0026b9326338
appendage,structure,1,ant_gloss_20130517080844,149b06ec-21de-11e3-a402-0026b9326338
arc,shape,1,ant_gloss_20130517080844,149b07aa-21de-11e3-a402-0026b9326338
arcuate,shape,1,ant_gloss_20130517080844,149b0868-21de-11e3-a402-0026b9326338
area,structure,1,ant_gloss_20130517080844,149b0930-21de-11e3-a402-0026b9326338
arranged,arrangement,0,ant_gloss_20130517080844,149b09f8-21de-11e3-a402-0026b9326338
articulate,architecture,1,ant_gloss_20130517080844,149b0ab6-21de-11e3-a402-0026b9326338
attenuate,shape,1,ant_gloss_20130517080844,149b0b74-21de-11e3-a402-0026b9326338
band,structure,1,ant_gloss_20130517080844,149b0cfa-21de-11e3-a402-0026b9326338
base,structure,1,ant_gloss_20130517080844,149b0db8-21de-11e3-a402-0026b9326338
bend,shape,1,ant_gloss_20130517080844,149b0e80-21de-11e3-a402-0026b9326338
bicolored,coloration,1,ant_gloss_20130517080844,149b0f3e-21de-11e3-a402-0026b9326338
bifurcates,architecture,1,ant_gloss_20130517080844,149b1006-21de-11e3-a402-0026b9326338
big,size,1,ant_gloss_20130517080844,149b10c4-21de-11e3-a402-0026b9326338
bilobate,shape,1,ant_gloss_20130517080844,149b1182-21de-11e3-a402-0026b9326338
bisected,shape,1,ant_gloss_20130517080844,149b124a-21de-11e3-a402-0026b9326338
black,coloration,1,ant_gloss_20130517080844,149b1308-21de-11e3-a402-0026b9326338
bladelike,shape,1,ant_gloss_20130517080844,149b13d0-21de-11e3-a402-0026b9326338
blotch,structure,1,ant_gloss_20130517080844,149b1786-21de-11e3-a402-0026b9326338
blue,coloration,1,ant_gloss_20130517080844,149b1862-21de-11e3-a402-0026b9326338
bluish_green,coloration,1,ant_gloss_20130517080844,149b193e-21de-11e3-a402-0026b9326338
blunt,shape,1,ant_gloss_20130517080844,149b1a10-21de-11e3-a402-0026b9326338
border,structure,1,ant_gloss_20130517080844,149b1ae2-21de-11e3-a402-0026b9326338
bordered,size,0,ant_gloss_20130517080844,149b1baa-21de-11e3-a402-0026b9326338
box_shaped,shape,1,ant_gloss_20130517080844,149b1c68-21de-11e3-a402-0026b9326338
branched,architecture,1,ant_gloss_20130517080844,149b1ede-21de-11e3-a402-0026b9326338
bright,reflectance,1,ant_gloss_20130517080844,149b1fa6-21de-11e3-a402-0026b9326338
broadened,size,1,ant_gloss_20130517080844,149b206e-21de-11e3-a402-0026b9326338
brown,coloration,1,ant_gloss_20130517080844,149b2136-21de-11e3-a402-0026b9326338
brown_black,coloration,1,ant_gloss_20130517080844,149b21fe-21de-11e3-a402-0026b9326338
brown_yellow,coloration,1,ant_gloss_20130517080844,149b22d0-21de-11e3-a402-0026b9326338
bulge,shape,1,ant_gloss_20130517080844,149b238e-21de-11e3-a402-0026b9326338
c_shape,shape,1,ant_gloss_20130517080844,149b2456-21de-11e3-a402-0026b9326338
carinate,surface_sculpture,1,ant_gloss_20130517080844,149b2514-21de-11e3-a402-0026b9326338
carinule,structure,1,ant_gloss_20130517080844,149b25dc-21de-11e3-a402-0026b9326338
cell,structure,1,ant_gloss_20130517080844,149b26a4-21de-11e3-a402-0026b9326338
center,position,1,ant_gloss_20130517080844,149b2762-21de-11e3-a402-0026b9326338
cheek,structure,1,ant_gloss_20130517080844,149b282a-21de-11e3-a402-0026b9326338
chestnut,coloration,1,ant_gloss_20130517080844,149b28f2-21de-11e3-a402-0026b9326338
ciliary,architecture,1,ant_gloss_20130517080844,149b29b0-21de-11e3-a402-0026b9326338
clavate,shape,1,ant_gloss_20130517080844,149b2a82-21de-11e3-a402-0026b9326338
cloud,coloration,1,ant_gloss_20130517080844,149b2b40-21de-11e3-a402-0026b9326338
cluster,arrangement,1,ant_gloss_20130517080844,149b2c08-21de-11e3-a402-0026b9326338
coarse,surface_sculpture,1,ant_gloss_20130517080844,149b2cd0-21de-11e3-a402-0026b9326338
color,coloration,1,ant_gloss_20130517080844,149b2d8e-21de-11e3-a402-0026b9326338
colorless,coloration,1,ant_gloss_20130517080844,149b2e56-21de-11e3-a402-0026b9326338
common,normality,1,ant_gloss_20130517080844,149b2f14-21de-11e3-a402-0026b9326338
conic,shape,1,ant_gloss_20130517080844,149b2fdc-21de-11e3-a402-0026b9326338
connected,fusion,1,ant_gloss_20130517080844,149b309a-21de-11e3-a402-0026b9326338
continguous,arrangement,1,ant_gloss_20130517080844,149b3162-21de-11e3-a402-0026b9326338
contrast,coloration,1,ant_gloss_20130517080844,149b322a-21de-11e3-a402-0026b9326338
copper,coloration,1,ant_gloss_20130517080844,149b32e8-21de-11e3-a402-0026b9326338
corner,structure,1,ant_gloss_20130517080844,149b33b0-21de-11e3-a402-0026b9326338
coxa,structure,1,ant_gloss_20130517080844,149b346e-21de-11e3-a402-0026b9326338
cream_colored,coloration,1,ant_gloss_20130517080844,149b3536-21de-11e3-a402-0026b9326338
crenulate,surface_sculpture,1,ant_gloss_20130517080844,149b35fe-21de-11e3-a402-0026b9326338
crescent_shaped,shape,1,ant_gloss_20130517080844,149b36c6-21de-11e3-a402-0026b9326338
crest,structure,1,ant_gloss_20130517080844,149b3784-21de-11e3-a402-0026b9326338
cubic,shape,1,ant_gloss_20130517080844,149b3842-21de-11e3-a402-0026b9326338
curve,shape,1,ant_gloss_20130517080844,149b390a-21de-11e3-a402-0026b9326338
cuticle,structure,1,ant_gloss_20130517080844,149b39d2-21de-11e3-a402-0026b9326338
cylindric,shape,1,ant_gloss_20130517080844,149b3a90-21de-11e3-a402-0026b9326338
dark,coloration,1,ant_gloss_20130517080844,149b3b58-21de-11e3-a402-0026b9326338
deep,depth,1,ant_gloss_20130517080844,149b3c20-21de-11e3-a402-0026b9326338
demarcated,presence,1,ant_gloss_20130517080844,149b3cde-21de-11e3-a402-0026b9326338
dense,density,1,ant_gloss_20130517080844,149b3e6e-21de-11e3-a402-0026b9326338
density,character,1,ant_gloss_20130517080844,149b3f2c-21de-11e3-a402-0026b9326338
dentary,structure,1,ant_gloss_20130517080844,149b3ff4-21de-11e3-a402-0026b9326338
denticle,structure,1,ant_gloss_20130517080844,149b40bc-21de-11e3-a402-0026b9326338
diamond_shaped,shape,1,ant_gloss_20130517080844,149b430a-21de-11e3-a402-0026b9326338
dilated,size,1,ant_gloss_20130517080844,149b4616-21de-11e3-a402-0026b9326338
dirt,coloration,1,ant_gloss_20130517080844,149b46de-21de-11e3-a402-0026b9326338
discal,shape,1,ant_gloss_20130517080844,149b47a6-21de-11e3-a402-0026b9326338
discontinued,arrangement,1,ant_gloss_20130517080844,149b4864-21de-11e3-a402-0026b9326338
disorganised,arrangement,1,ant_gloss_20130517080844,149b492c-21de-11e3-a402-0026b9326338
distal,position,1,ant_gloss_20130517080844,149b49f4-21de-11e3-a402-0026b9326338
distinct,prominence,1,ant_gloss_20130517080844,149b4ab2-21de-11e3-a402-0026b9326338
dome_like,shape,1,ant_gloss_20130517080844,149b4c38-21de-11e3-a402-0026b9326338
dominated,prominence,0,ant_gloss_20130517080844,149b4d0a-21de-11e3-a402-0026b9326338
dorsal,position,0,ant_gloss_20130517080844,149b4dc8-21de-11e3-a402-0026b9326338
dorsal_caudal,position,1,ant_gloss_20130517080844,149b4e90-21de-11e3-a402-0026b9326338
dorso_lateral,position,1,ant_gloss_20130517080844,149b4f4e-21de-11e3-a402-0026b9326338
dot,structure,1,ant_gloss_20130517080844,149b5016-21de-11e3-a402-0026b9326338
ellipsoid,shape,1,ant_gloss_20130517080844,149b50d4-21de-11e3-a402-0026b9326338
elongate,shape,1,ant_gloss_20130517080844,149b51a6-21de-11e3-a402-0026b9326338
excavate,architecture,1,ant_gloss_20130517080844,149b54b2-21de-11e3-a402-0026b9326338
excised,architecture,1,ant_gloss_20130517080844,149b557a-21de-11e3-a402-0026b9326338
expanded,size,1,ant_gloss_20130517080844,149b5642-21de-11e3-a402-0026b9326338
exterior,position,1,ant_gloss_20130517080844,149b57c8-21de-11e3-a402-0026b9326338
eye,structure,1,ant_gloss_20130517080844,149b5886-21de-11e3-a402-0026b9326338
face,structure,1,ant_gloss_20130517080844,149b594e-21de-11e3-a402-0026b9326338
fan_like,shape,1,ant_gloss_20130517080844,149b5b9c-21de-11e3-a402-0026b9326338
femur,structure,1,ant_gloss_20130517080844,149b5c5a-21de-11e3-a402-0026b9326338
ferruginous,coloration,1,ant_gloss_20130517080844,149b5d22-21de-11e3-a402-0026b9326338
fine,size,1,ant_gloss_20130517080844,149b5ea8-21de-11e3-a402-0026b9326338
finlet,structure,1,ant_gloss_20130517080844,149b5f66-21de-11e3-a402-0026b9326338
flagellar,structure,1,ant_gloss_20130517080844,149b602e-21de-11e3-a402-0026b9326338
flat,shape,1,ant_gloss_20130517080844,149b61b4-21de-11e3-a402-0026b9326338
forecoxa,structure,1,ant_gloss_20130517080844,149b627c-21de-11e3-a402-0026b9326338
four,count,1,ant_gloss_20130517080844,149b6402-21de-11e3-a402-0026b9326338
fovea,structure,1,ant_gloss_20130517080844,149b64c0-21de-11e3-a402-0026b9326338
fringed,shape,1,ant_gloss_20130517080844,149b6588-21de-11e3-a402-0026b9326338
front,position,1,ant_gloss_20130517080844,149b6650-21de-11e3-a402-0026b9326338
funiculi,structure,1,ant_gloss_20130517080844,149b670e-21de-11e3-a402-0026b9326338
furrow,structure,1,ant_gloss_20130517080844,149b689e-21de-11e3-a402-0026b9326338
fusco_hyaline,coloration,1,ant_gloss_20130517080844,149b695c-21de-11e3-a402-0026b9326338
fuscous,coloration,1,ant_gloss_20130517080844,149b6a24-21de-11e3-a402-0026b9326338
fusion,character,0,ant_gloss_20130517080844,149b6aec-21de-11e3-a402-0026b9326338
geniculate,shape,1,ant_gloss_20130517080844,149b6baa-21de-11e3-a402-0026b9326338
gibbous,shape,1,ant_gloss_20130517080844,149b6c72-21de-11e3-a402-0026b9326338
gill,structure,1,ant_gloss_20130517080844,149b6d3a-21de-11e3-a402-0026b9326338
glassy,surface_sculpture,1,ant_gloss_20130517080844,149b6df8-21de-11e3-a402-0026b9326338
glistening,reflectance,1,ant_gloss_20130517080844,149b6ec0-21de-11e3-a402-0026b9326338
globate,shape,1,ant_gloss_20130517080844,149b6f88-21de-11e3-a402-0026b9326338
gloss,surface_sculpture,1,ant_gloss_20130517080844,149b7046-21de-11e3-a402-0026b9326338
golden,coloration,1,ant_gloss_20130517080844,149b710e-21de-11e3-a402-0026b9326338
granular,surface_sculpture,1,ant_gloss_20130517080844,149b71d6-21de-11e3-a402-0026b9326338
granulate_punctate,surface_sculpture,1,ant_gloss_20130517080844,149b729e-21de-11e3-a402-0026b9326338
greater,size,1,ant_gloss_20130517080844,149b735c-21de-11e3-a402-0026b9326338
green,coloration,1,ant_gloss_20130517080844,149b7424-21de-11e3-a402-0026b9326338
grey,coloration,1,ant_gloss_20130517080844,149b74ec-21de-11e3-a402-0026b9326338
groove,structure,1,ant_gloss_20130517080844,149b75aa-21de-11e3-a402-0026b9326338
hair,structure,1,ant_gloss_20130517080844,149b7672-21de-11e3-a402-0026b9326338
heart_shaped,shape,1,ant_gloss_20130517080844,149b773a-21de-11e3-a402-0026b9326338
heavy,weight,1,ant_gloss_20130517080844,149b77f8-21de-11e3-a402-0026b9326338
hemispheric,shape,1,ant_gloss_20130517080844,149b78c0-21de-11e3-a402-0026b9326338
high,height,1,ant_gloss_20130517080844,149b7988-21de-11e3-a402-0026b9326338
hind,position,1,ant_gloss_20130517080844,149b7a46-21de-11e3-a402-0026b9326338
hollow,architecture,1,ant_gloss_20130517080844,149b7b18-21de-11e3-a402-0026b9326338
hook_like,shape,1,ant_gloss_20130517080844,149b7bd6-21de-11e3-a402-0026b9326338
horn_shaped,shape,1,ant_gloss_20130517080844,149b7c9e-21de-11e3-a402-0026b9326338
hue,coloration,1,ant_gloss_20130517080844,149b7d66-21de-11e3-a402-0026b9326338
ill_defined,presence,1,ant_gloss_20130517080844,149b7e24-21de-11e3-a402-0026b9326338
incrassate,thickness,1,ant_gloss_20130517080844,149b807c-21de-11e3-a402-0026b9326338
indentation,structure,0,ant_gloss_20130517080844,149b813a-21de-11e3-a402-0026b9326338
infuscate,coloration,1,ant_gloss_20130517080844,149b81f8-21de-11e3-a402-0026b9326338
inner,position,1,ant_gloss_20130517080844,149b82ca-21de-11e3-a402-0026b9326338
insertion,structure,1,ant_gloss_20130517080844,149b8388-21de-11e3-a402-0026b9326338
integrate,arrangement,0,ant_gloss_20130517080844,149b8446-21de-11e3-a402-0026b9326338
inter_dorsal,position,1,ant_gloss_20130517080844,149b850e-21de-11e3-a402-0026b9326338
intercarinal,arrangement,1,ant_gloss_20130517080844,149b85d6-21de-11e3-a402-0026b9326338
interior,position,1,ant_gloss_20130517080844,149b869e-21de-11e3-a402-0026b9326338
intermingled,arrangement,1,ant_gloss_20130517080844,149b8766-21de-11e3-a402-0026b9326338
interspace,structure,1,ant_gloss_20130517080844,149b8824-21de-11e3-a402-0026b9326338
inverse,direction,1,ant_gloss_20130517080844,149b88ec-21de-11e3-a402-0026b9326338
isolate,arrangement,1,ant_gloss_20130517080844,149b89b4-21de-11e3-a402-0026b9326338
jaw,structure,1,ant_gloss_20130517080844,149b8a72-21de-11e3-a402-0026b9326338
joined,fusion,1,ant_gloss_20130517080844,149b8b3a-21de-11e3-a402-0026b9326338
joint,structure,1,ant_gloss_20130517080844,149b8c02-21de-11e3-a402-0026b9326338
keel,structure,1,ant_gloss_20130517080844,149b8cc0-21de-11e3-a402-0026b9326338
lamellate,shape,1,ant_gloss_20130517080844,149b8e50-21de-11e3-a402-0026b9326338
large,size,1,ant_gloss_20130517080844,149b8f0e-21de-11e3-a402-0026b9326338
latero_dorsal,position,1,ant_gloss_20130517080844,149b8fd6-21de-11e3-a402-0026b9326338
lean,shape,1,ant_gloss_20130517080844,149b9094-21de-11e3-a402-0026b9326338
leg,structure,1,ant_gloss_20130517080844,149b915c-21de-11e3-a402-0026b9326338
lengthened,length,1,ant_gloss_20130517080844,149b921a-21de-11e3-a402-0026b9326338
lighter_colored,reflectance,1,ant_gloss_20130517080844,149b92e2-21de-11e3-a402-0026b9326338
line,structure,1,ant_gloss_20130517080844,149b93aa-21de-11e3-a402-0026b9326338
lip,structure,1,ant_gloss_20130517080844,149b9468-21de-11e3-a402-0026b9326338
lobate,shape,1,ant_gloss_20130517080844,149b95f8-21de-11e3-a402-0026b9326338
local,position,1,ant_gloss_20130517080844,149b96b6-21de-11e3-a402-0026b9326338
long,length,1,ant_gloss_20130517080844,149b9846-21de-11e3-a402-0026b9326338
loose,density,1,ant_gloss_20130517080844,149b9904-21de-11e3-a402-0026b9326338
loss,presence,1,ant_gloss_20130517080844,149b99cc-21de-11e3-a402-0026b9326338
low,position,1,ant_gloss_20130517080844,149b9a8a-21de-11e3-a402-0026b9326338
lower,derivation,1,ant_gloss_20130517080844,149b9b52-21de-11e3-a402-0026b9326338
mandible,structure,1,ant_gloss_20130517080844,149b9c38-21de-11e3-a402-0026b9326338
marginal,position,1,ant_gloss_20130517080844,149b9cf6-21de-11e3-a402-0026b9326338
marroon,coloration,1,ant_gloss_20130517080844,149b9dbe-21de-11e3-a402-0026b9326338
mat,surface_sculpture,1,ant_gloss_20130517080844,149b9e86-21de-11e3-a402-0026b9326338
maxilla,structure,1,ant_gloss_20130517080844,149b9f4e-21de-11e3-a402-0026b9326338
medium_sized,size,1,ant_gloss_20130517080844,149ba016-21de-11e3-a402-0026b9326338
membrane,structure,1,ant_gloss_20130517080844,149ba0de-21de-11e3-a402-0026b9326338
merge,fusion,1,ant_gloss_20130517080844,149ba19c-21de-11e3-a402-0026b9326338
mesopleura,structure,1,ant_gloss_20130517080844,149ba264-21de-11e3-a402-0026b9326338
metapleura,structure,1,ant_gloss_20130517080844,149ba32c-21de-11e3-a402-0026b9326338
metatibia,structure,0,ant_gloss_20130517080844,149ba3ea-21de-11e3-a402-0026b9326338
metepisterna,structure,1,ant_gloss_20130517080844,149ba4bc-21de-11e3-a402-0026b9326338
microreticulate,surface_sculpture,0,ant_gloss_20130517080844,149ba57a-21de-11e3-a402-0026b9326338
mid,position,1,ant_gloss_20130517080844,149ba642-21de-11e3-a402-0026b9326338
milky,coloration,1,ant_gloss_20130517080844,149ba70a-21de-11e3-a402-0026b9326338
multidentate,architecture,1,ant_gloss_20130517080844,149ba7d2-21de-11e3-a402-0026b9326338
narrow,width,1,ant_gloss_20130517080844,149ba890-21de-11e3-a402-0026b9326338
narrowed,size,1,ant_gloss_20130517080844,149ba94e-21de-11e3-a402-0026b9326338
nearby,position,1,ant_gloss_20130517080844,149baa16-21de-11e3-a402-0026b9326338
needle_like,shape,1,ant_gloss_20130517080844,149baade-21de-11e3-a402-0026b9326338
nigro_piceous,coloration,1,ant_gloss_20130517080844,149baba6-21de-11e3-a402-0026b9326338
node,structure,1,ant_gloss_20130517080844,149bac6e-21de-11e3-a402-0026b9326338
nodiform,shape,1,ant_gloss_20130517080844,149bad2c-21de-11e3-a402-0026b9326338
nostril,structure,1,ant_gloss_20130517080844,149badf4-21de-11e3-a402-0026b9326338
notauli,structure,1,ant_gloss_20130517080844,149baebc-21de-11e3-a402-0026b9326338
oblong_ovate,shape,1,ant_gloss_20130517080844,149baf7a-21de-11e3-a402-0026b9326338
oblong_quadrate,shape,1,ant_gloss_20130517080844,149bb042-21de-11e3-a402-0026b9326338
obtuse_angled,shape,1,ant_gloss_20130517080844,149bb10a-21de-11e3-a402-0026b9326338
ocelli,structure,1,ant_gloss_20130517080844,149bb1d2-21de-11e3-a402-0026b9326338
ochra,coloration,1,ant_gloss_20130517080844,149bb470-21de-11e3-a402-0026b9326338
old,life_stage,1,ant_gloss_20130517080844,149bb542-21de-11e3-a402-0026b9326338
olivaceous,coloration,1,ant_gloss_20130517080844,149bb60a-21de-11e3-a402-0026b9326338
olive_brown,coloration,1,ant_gloss_20130517080844,149bb6d2-21de-11e3-a402-0026b9326338
opaque,coloration,1,ant_gloss_20130517080844,149bb92a-21de-11e3-a402-0026b9326338
opaque_black,coloration,1,ant_gloss_20130517080844,149bb9f2-21de-11e3-a402-0026b9326338
orange,coloration,1,ant_gloss_20130517080844,149bbaba-21de-11e3-a402-0026b9326338
orange_brown,coloration,1,ant_gloss_20130517080844,149bbb82-21de-11e3-a402-0026b9326338
orbicular,shape,1,ant_gloss_20130517080844,149bbc4a-21de-11e3-a402-0026b9326338
orbit,structure,1,ant_gloss_20130517080844,149bbd12-21de-11e3-a402-0026b9326338
outer,position,1,ant_gloss_20130517080844,149bbdda-21de-11e3-a402-0026b9326338
oval,shape,1,ant_gloss_20130517080844,149bbea2-21de-11e3-a402-0026b9326338
overarched,shape,1,ant_gloss_20130517080844,149bbf60-21de-11e3-a402-0026b9326338
overlap,arrangement,1,ant_gloss_20130517080844,149bc0f0-21de-11e3-a402-0026b9326338
pair,structure,1,ant_gloss_20130517080844,149bc280-21de-11e3-a402-0026b9326338
pale,coloration,1,ant_gloss_20130517080844,149bc33e-21de-11e3-a402-0026b9326338
pale_yellow,coloration,1,ant_gloss_20130517080844,149bc406-21de-11e3-a402-0026b9326338
palp,structure,1,ant_gloss_20130517080844,149bc4ce-21de-11e3-a402-0026b9326338
part,structure,1,ant_gloss_20130517080844,149bc596-21de-11e3-a402-0026b9326338
patch,structure,1,ant_gloss_20130517080844,149bc654-21de-11e3-a402-0026b9326338
pigment,coloration,1,ant_gloss_20130517080844,149bc71c-21de-11e3-a402-0026b9326338
pit,structure,1,ant_gloss_20130517080844,149bc7e4-21de-11e3-a402-0026b9326338
plain,surface_sculpture,1,ant_gloss_20130517080844,149bc8ac-21de-11e3-a402-0026b9326338
portion,structure,1,ant_gloss_20130517080844,149bc974-21de-11e3-a402-0026b9326338
posteriolateral,position,1,ant_gloss_20130517080844,149bca3c-21de-11e3-a402-0026b9326338
posterior,position,1,ant_gloss_20130517080844,149bcb04-21de-11e3-a402-0026b9326338
postero_dorsal,position,1,ant_gloss_20130517080844,149bcbcc-21de-11e3-a402-0026b9326338
posteromedial,position,1,ant_gloss_20130517080844,149bcc94-21de-11e3-a402-0026b9326338
pre_anal,position,1,ant_gloss_20130517080844,149bcd52-21de-11e3-a402-0026b9326338
premaxilla,structure,1,ant_gloss_20130517080844,149bcee2-21de-11e3-a402-0026b9326338
presence,character,0,ant_gloss_20130517080844,149bcfaa-21de-11e3-a402-0026b9326338
process,structure,1,ant_gloss_20130517080844,149bd068-21de-11e3-a402-0026b9326338
procoxa,structure,1,ant_gloss_20130517080844,149bd13a-21de-11e3-a402-0026b9326338
progress,development,1,ant_gloss_20130517080844,149bd1f8-21de-11e3-a402-0026b9326338
prominence,character,0,ant_gloss_20130517080844,149bd2c0-21de-11e3-a402-0026b9326338
pubecence,surface_sculpture,1,ant_gloss_20130517080844,149bd388-21de-11e3-a402-0026b9326338
punctate,surface_sculpture,1,ant_gloss_20130517080844,149bd450-21de-11e3-a402-0026b9326338
punctate_rugulose,surface_sculpture,1,ant_gloss_20130517080844,149bd518-21de-11e3-a402-0026b9326338
punctate_striate,surface_sculpture,1,ant_gloss_20130517080844,149bd5e0-21de-11e3-a402-0026b9326338
punctuation,structure,1,ant_gloss_20130517080844,149bd6a8-21de-11e3-a402-0026b9326338
punctures,structure,1,ant_gloss_20130517080844,149bd770-21de-11e3-a402-0026b9326338
purple,coloration,1,ant_gloss_20130517080844,149bd838-21de-11e3-a402-0026b9326338
quadrate,shape,1,ant_gloss_20130517080844,149bd900-21de-11e3-a402-0026b9326338
radial,arrangement,1,ant_gloss_20130517080844,149bd9be-21de-11e3-a402-0026b9326338
ray,structure,1,ant_gloss_20130517080844,149bda86-21de-11e3-a402-0026b9326338
rear,position,1,ant_gloss_20130517080844,149bdb4e-21de-11e3-a402-0026b9326338
red,coloration,1,ant_gloss_20130517080844,149bdc16-21de-11e3-a402-0026b9326338
red_brown,coloration,1,ant_gloss_20130517080844,149bdcd4-21de-11e3-a402-0026b9326338
reddish_yellow,coloration,1,ant_gloss_20130517080844,149be300-21de-11e3-a402-0026b9326338
reflect,reflectance,1,ant_gloss_20130517080844,149be3d2-21de-11e3-a402-0026b9326338
region,structure,1,ant_gloss_20130517080844,149be49a-21de-11e3-a402-0026b9326338
reticular,surface_sculpture,1,ant_gloss_20130517080844,149be6f2-21de-11e3-a402-0026b9326338
reticulate_puncate,surface_sculpture,1,ant_gloss_20130517080844,149be7c4-21de-11e3-a402-0026b9326338
reticulate_striolate,surface_sculpture,1,ant_gloss_20130517080844,149be882-21de-11e3-a402-0026b9326338
reticulatelyrugose,surface_sculpture,1,ant_gloss_20130517080844,149be94a-21de-11e3-a402-0026b9326338
reticulation,structure,1,ant_gloss_20130517080844,149bea1c-21de-11e3-a402-0026b9326338
rhomboid,shape,1,ant_gloss_20130517080844,149beae4-21de-11e3-a402-0026b9326338
ridge,structure,1,ant_gloss_20130517080844,149beba2-21de-11e3-a402-0026b9326338
right_angular,shape,1,ant_gloss_20130517080844,149bec6a-21de-11e3-a402-0026b9326338
ring,structure,1,ant_gloss_20130517080844,149bed32-21de-11e3-a402-0026b9326338
rough,surface_sculpture,1,ant_gloss_20130517080844,149beec2-21de-11e3-a402-0026b9326338
round,shape,1,ant_gloss_20130517080844,149bef8a-21de-11e3-a402-0026b9326338
row,structure,1,ant_gloss_20130517080844,149bf052-21de-11e3-a402-0026b9326338
rufous,coloration,1,ant_gloss_20130517080844,149bf110-21de-11e3-a402-0026b9326338
ruga,structure,1,ant_gloss_20130517080844,149bf1e2-21de-11e3-a402-0026b9326338
rugoreticular,surface_sculpture,1,ant_gloss_20130517080844,149bf2aa-21de-11e3-a402-0026b9326338
rugose_punctate,surface_sculpture,1,ant_gloss_20130517080844,149bf372-21de-11e3-a402-0026b9326338
rugula,structure,1,ant_gloss_20130517080844,149bf43a-21de-11e3-a402-0026b9326338
rugular,surface_sculpture,1,ant_gloss_20130517080844,149bf502-21de-11e3-a402-0026b9326338
saddle_like,shape,1,ant_gloss_20130517080844,149bf5ca-21de-11e3-a402-0026b9326338
sagittal,shape,1,ant_gloss_20130517080844,149bf692-21de-11e3-a402-0026b9326338
scale,structure,1,ant_gloss_20130517080844,149bf75a-21de-11e3-a402-0026b9326338
scale_like,shape,1,ant_gloss_20130517080844,149bf818-21de-11e3-a402-0026b9326338
scanty,density,1,ant_gloss_20130517080844,149bf8e0-21de-11e3-a402-0026b9326338
scape,structure,1,ant_gloss_20130517080844,149bf9a8-21de-11e3-a402-0026b9326338
sclerotised,surface_sculpture,1,ant_gloss_20130517080844,149bfa70-21de-11e3-a402-0026b9326338
scrobe,structure,1,ant_gloss_20130517080844,149bfb38-21de-11e3-a402-0026b9326338
sculpted,surface_sculpture,1,ant_gloss_20130517080844,149bfc00-21de-11e3-a402-0026b9326338
sculpture,structure,1,ant_gloss_20130517080844,149bfcc8-21de-11e3-a402-0026b9326338
section,structure,1,ant_gloss_20130517080844,149bfd90-21de-11e3-a402-0026b9326338
segment,structure,1,ant_gloss_20130517080844,149bfe58-21de-11e3-a402-0026b9326338
semicirclet,shape,1,ant_gloss_20130517080844,149bff16-21de-11e3-a402-0026b9326338
sensilla,structure,1,ant_gloss_20130517080844,149bffe8-21de-11e3-a402-0026b9326338
separate,arrangement,1,ant_gloss_20130517080844,149c00a6-21de-11e3-a402-0026b9326338
serrate,shape,1,ant_gloss_20130517080844,149c016e-21de-11e3-a402-0026b9326338
setae,structure,1,ant_gloss_20130517080844,149c0236-21de-11e3-a402-0026b9326338
shagreen,coloration,1,ant_gloss_20130517080844,149c02fe-21de-11e3-a402-0026b9326338
shallow,depth,1,ant_gloss_20130517080844,149c03c6-21de-11e3-a402-0026b9326338
shape,character,0,ant_gloss_20130517080844,149c0484-21de-11e3-a402-0026b9326338
sharp,shape,1,ant_gloss_20130517080844,149c054c-21de-11e3-a402-0026b9326338
shield_like,shape,1,ant_gloss_20130517080844,149c0614-21de-11e3-a402-0026b9326338
shining,surface_sculpture,1,ant_gloss_20130517080844,149c06dc-21de-11e3-a402-0026b9326338
short,length,1,ant_gloss_20130517080844,149c07a4-21de-11e3-a402-0026b9326338
shorter,size,1,ant_gloss_20130517080844,149c086c-21de-11e3-a402-0026b9326338
silken,coloration,1,ant_gloss_20130517080844,149c0934-21de-11e3-a402-0026b9326338
silver,coloration,1,ant_gloss_20130517080844,149c09fc-21de-11e3-a402-0026b9326338
silvery_white,coloration,1,ant_gloss_20130517080844,149c0ac4-21de-11e3-a402-0026b9326338
size,character,1,ant_gloss_20130517080844,149c0d1c-21de-11e3-a402-0026b9326338
slope,shape,1,ant_gloss_20130517080844,149c0dda-21de-11e3-a402-0026b9326338
small,size,1,ant_gloss_20130517080844,149c0ea2-21de-11e3-a402-0026b9326338
smooth,surface_sculpture,1,ant_gloss_20130517080844,149c0f6a-21de-11e3-a402-0026b9326338
socket,structure,1,ant_gloss_20130517080844,149c1032-21de-11e3-a402-0026b9326338
space,structure,1,ant_gloss_20130517080844,149c10fa-21de-11e3-a402-0026b9326338
sparse,density,1,ant_gloss_20130517080844,149c11c2-21de-11e3-a402-0026b9326338
spine_like,shape,1,ant_gloss_20130517080844,149c128a-21de-11e3-a402-0026b9326338
spinule,structure,1,ant_gloss_20130517080844,149c1352-21de-11e3-a402-0026b9326338
spiracle,structure,1,ant_gloss_20130517080844,149c141a-21de-11e3-a402-0026b9326338
spoon_shaped,shape,1,ant_gloss_20130517080844,149c14d8-21de-11e3-a402-0026b9326338
spot,structure,1,ant_gloss_20130517080844,149c15a0-21de-11e3-a402-0026b9326338
sprinkled,density,1,ant_gloss_20130517080844,149c1708-21de-11e3-a402-0026b9326338
spur,structure,1,ant_gloss_20130517080844,149c17d0-21de-11e3-a402-0026b9326338
squamate,surface_sculpture,1,ant_gloss_20130517080844,149c1898-21de-11e3-a402-0026b9326338
square,shape,1,ant_gloss_20130517080844,149c196a-21de-11e3-a402-0026b9326338
sternite,structure,1,ant_gloss_20130517080844,149c1a32-21de-11e3-a402-0026b9326338
stiff,external_texture,1,ant_gloss_20130517080844,149c1af0-21de-11e3-a402-0026b9326338
strength,external_texture,1,ant_gloss_20130517080844,149c1bc2-21de-11e3-a402-0026b9326338
stretch,size,1,ant_gloss_20130517080844,149c1c8a-21de-11e3-a402-0026b9326338
striate,surface_sculpture,1,ant_gloss_20130517080844,149c1d48-21de-11e3-a402-0026b9326338
striation,structure,1,ant_gloss_20130517080844,149c1e1a-21de-11e3-a402-0026b9326338
strigose,surface_sculpture,1,ant_gloss_20130517080844,149c1ed8-21de-11e3-a402-0026b9326338
strip,structure,1,ant_gloss_20130517080844,149c1fa0-21de-11e3-a402-0026b9326338
stripe,structure,1,ant_gloss_20130517080844,149c2068-21de-11e3-a402-0026b9326338
strong,external_texture,1,ant_gloss_20130517080844,149c2130-21de-11e3-a402-0026b9326338
subangular,shape,1,ant_gloss_20130517080844,149c21f8-21de-11e3-a402-0026b9326338
subclavata,shape,1,ant_gloss_20130517080844,149c22c0-21de-11e3-a402-0026b9326338
subdentate,shape,1,ant_gloss_20130517080844,149c2388-21de-11e3-a402-0026b9326338
subglobose,shape,1,ant_gloss_20130517080844,149c2450-21de-11e3-a402-0026b9326338
suborbicular,shape,1,ant_gloss_20130517080844,149c250e-21de-11e3-a402-0026b9326338
suboval,shape,1,ant_gloss_20130517080844,149c25e0-21de-11e3-a402-0026b9326338
subquadrate,shape,1,ant_gloss_20130517080844,149c26a8-21de-11e3-a402-0026b9326338
subtrapezoid,shape,1,ant_gloss_20130517080844,149c2766-21de-11e3-a402-0026b9326338
suture,structure,1,ant_gloss_20130517080844,149c28f6-21de-11e3-a402-0026b9326338
symmetric,shape,1,ant_gloss_20130517080844,149c29be-21de-11e3-a402-0026b9326338
tall,height,1,ant_gloss_20130517080844,149c2a86-21de-11e3-a402-0026b9326338
taper,shape,1,ant_gloss_20130517080844,149c2b4e-21de-11e3-a402-0026b9326338
tarsus,structure,1,ant_gloss_20130517080844,149c2c16-21de-11e3-a402-0026b9326338
temple,structure,1,ant_gloss_20130517080844,149c2cde-21de-11e3-a402-0026b9326338
tergite,structure,1,ant_gloss_20130517080844,149c2da6-21de-11e3-a402-0026b9326338
terminal,position,0,ant_gloss_20130517080844,149c2e64-21de-11e3-a402-0026b9326338
thick,thickness,1,ant_gloss_20130517080844,149c2f2c-21de-11e3-a402-0026b9326338
thyridium,structure,1,ant_gloss_20130517080844,149c2ff4-21de-11e3-a402-0026b9326338
tibia,structure,1,ant_gloss_20130517080844,149c30bc-21de-11e3-a402-0026b9326338
tinge,coloration,1,ant_gloss_20130517080844,149c3184-21de-11e3-a402-0026b9326338
tip,structure,1,ant_gloss_20130517080844,149c324c-21de-11e3-a402-0026b9326338
tooth,structure,1,ant_gloss_20130517080844,149c330a-21de-11e3-a402-0026b9326338
top,position,1,ant_gloss_20130517080844,149c33d2-21de-11e3-a402-0026b9326338
trace,structure,1,ant_gloss_20130517080844,149c349a-21de-11e3-a402-0026b9326338
transversal,orientation,1,ant_gloss_20130517080844,149c3562-21de-11e3-a402-0026b9326338
trapezoid,shape,1,ant_gloss_20130517080844,149c362a-21de-11e3-a402-0026b9326338
triangle,shape,1,ant_gloss_20130517080844,149c36f2-21de-11e3-a402-0026b9326338
tricolorous,coloration,1,ant_gloss_20130517080844,149c37ba-21de-11e3-a402-0026b9326338
truncate,shape,1,ant_gloss_20130517080844,149c3882-21de-11e3-a402-0026b9326338
tubercle,structure,1,ant_gloss_20130517080844,149c394a-21de-11e3-a402-0026b9326338
tubercular,shape,1,ant_gloss_20130517080844,149c3a08-21de-11e3-a402-0026b9326338
tumular,shape,1,ant_gloss_20130517080844,149c3ad0-21de-11e3-a402-0026b9326338
u_shape,shape,1,ant_gloss_20130517080844,149c3b98-21de-11e3-a402-0026b9326338
unbranched,architecture,1,ant_gloss_20130517080844,149c3c60-21de-11e3-a402-0026b9326338
unicolor,coloration,1,ant_gloss_20130517080844,149c3d28-21de-11e3-a402-0026b9326338
unite,fusion,1,ant_gloss_20130517080844,149c3de6-21de-11e3-a402-0026b9326338
upper,position,1,ant_gloss_20130517080844,149c3eb8-21de-11e3-a402-0026b9326338
variability,character,0,ant_gloss_20130517080844,149c3f76-21de-11e3-a402-0026b9326338
vein,structure,1,ant_gloss_20130517080844,149c403e-21de-11e3-a402-0026b9326338
ventral,position,1,ant_gloss_20130517080844,149c4106-21de-11e3-a402-0026b9326338
wedge,shape,1,ant_gloss_20130517080844,149c41ce-21de-11e3-a402-0026b9326338
white,coloration,1,ant_gloss_20130517080844,149c4296-21de-11e3-a402-0026b9326338
wide,width,1,ant_gloss_20130517080844,149c435e-21de-11e3-a402-0026b9326338
wing,structure,1,ant_gloss_20130517080844,149c4426-21de-11e3-a402-0026b9326338
yellow,coloration,1,ant_gloss_20130517080844,149c44e4-21de-11e3-a402-0026b9326338
yellow_orange,coloration,1,ant_gloss_20130517080844,149c45ac-21de-11e3-a402-0026b9326338
yellowish_brown,coloration,1,ant_gloss_20130517080844,149c4674-21de-11e3-a402-0026b9326338
a_shaped,shape,0,ant_gloss_20130517080844,149c473c-21de-11e3-a402-0026b9326338
abbreviated,size,0,ant_gloss_20130517080844,149c4804-21de-11e3-a402-0026b9326338
abbreviatus,structure,0,ant_gloss_20130517080844,149c48cc-21de-11e3-a402-0026b9326338
abdomen,structure,0,ant_gloss_20130517080844,149c498a-21de-11e3-a402-0026b9326338
abdomen_shaped,shape,0,ant_gloss_20130517080844,149c4a52-21de-11e3-a402-0026b9326338
abdominal,position,0,ant_gloss_20130517080844,149c4b1a-21de-11e3-a402-0026b9326338
aberrant,normality,0,ant_gloss_20130517080844,149c4be2-21de-11e3-a402-0026b9326338
abnormal,normality,0,ant_gloss_20130517080844,149c4caa-21de-11e3-a402-0026b9326338
abrupt,shape,0,ant_gloss_20130517080844,149c4e30-21de-11e3-a402-0026b9326338
accessory,structure,0,ant_gloss_20130517080844,149c50c4-21de-11e3-a402-0026b9326338
accompanied,architecture,0,ant_gloss_20130517080844,149c5268-21de-11e3-a402-0026b9326338
achromatic,coloration,0,ant_gloss_20130517080844,149c5330-21de-11e3-a402-0026b9326338
acicular,shape,0,ant_gloss_20130517080844,149c53f8-21de-11e3-a402-0026b9326338
acute,shape,0,ant_gloss_20130517080844,149c54ca-21de-11e3-a402-0026b9326338
adipose_fin,structure,0,ant_gloss_20130517080844,149c565a-21de-11e3-a402-0026b9326338
adjacent,position,0,ant_gloss_20130517080844,149c5722-21de-11e3-a402-0026b9326338
admedian,position,0,ant_gloss_20130517080844,149c57ea-21de-11e3-a402-0026b9326338
adpressed,arrangement,0,ant_gloss_20130517080844,149c597a-21de-11e3-a402-0026b9326338
aedeagal,structure,0,ant_gloss_20130517080844,149c5a42-21de-11e3-a402-0026b9326338
aeneous,coloration,0,ant_gloss_20130517080844,149c5b0a-21de-11e3-a402-0026b9326338
aerolate,surface_sculpture,0,ant_gloss_20130517080844,149c5bd2-21de-11e3-a402-0026b9326338
afterneck,position,0,ant_gloss_20130517080844,149c5d6c-21de-11e3-a402-0026b9326338
allometric,shape,0,ant_gloss_20130517080844,149c5fc4-21de-11e3-a402-0026b9326338
alternating,arrangement,0,ant_gloss_20130517080844,149c608c-21de-11e3-a402-0026b9326338
alutaceous,coloration,0,ant_gloss_20130517080844,149c615e-21de-11e3-a402-0026b9326338
alveolate,surface_sculpture,0,ant_gloss_20130517080844,149c6226-21de-11e3-a402-0026b9326338
alveolate_areolate,surface_sculpture,0,ant_gloss_20130517080844,149c62ee-21de-11e3-a402-0026b9326338
amber,coloration,0,ant_gloss_20130517080844,149c63b6-21de-11e3-a402-0026b9326338
ambiguous,prominence,0,ant_gloss_20130517080844,149c647e-21de-11e3-a402-0026b9326338
ample,coloration,0,ant_gloss_20130517080844,149c6546-21de-11e3-a402-0026b9326338
ampyx,structure,0,ant_gloss_20130517080844,149c6618-21de-11e3-a402-0026b9326338
anal,position,0,ant_gloss_20130517080844,149c66d6-21de-11e3-a402-0026b9326338
anal_caudal,position,0,ant_gloss_20130517080844,149c679e-21de-11e3-a402-0026b9326338
anastomosing,architecture,0,ant_gloss_20130517080844,149c6870-21de-11e3-a402-0026b9326338
anepisternum,structure,0,ant_gloss_20130517080844,149c6938-21de-11e3-a402-0026b9326338
angulo_convex,shape,0,ant_gloss_20130517080844,149c6a00-21de-11e3-a402-0026b9326338
annulated,shape,0,ant_gloss_20130517080844,149c6ac8-21de-11e3-a402-0026b9326338
annulus,structure,0,ant_gloss_20130517080844,149c6b90-21de-11e3-a402-0026b9326338
anteanalis,structure,0,ant_gloss_20130517080844,149c6c58-21de-11e3-a402-0026b9326338
antennomeres,structure,0,ant_gloss_20130517080844,149c6d20-21de-11e3-a402-0026b9326338
antennse,structure,0,ant_gloss_20130517080844,149c6de8-21de-11e3-a402-0026b9326338
antepenultimate,shape,0,ant_gloss_20130517080844,149c6eb0-21de-11e3-a402-0026b9326338
anteriad,position,0,ant_gloss_20130517080844,149c6f78-21de-11e3-a402-0026b9326338
anterior,position,0,ant_gloss_20130517080844,149c7040-21de-11e3-a402-0026b9326338
anterior_posterior,position,0,ant_gloss_20130517080844,149c7108-21de-11e3-a402-0026b9326338
anteriormost,position,0,ant_gloss_20130517080844,149c71d0-21de-11e3-a402-0026b9326338
antero,position,0,ant_gloss_20130517080844,149c72a2-21de-11e3-a402-0026b9326338
anterolateral,position,0,ant_gloss_20130517080844,149c736a-21de-11e3-a402-0026b9326338
anteromedial,position,0,ant_gloss_20130517080844,149c7428-21de-11e3-a402-0026b9326338
anteromesial,position,0,ant_gloss_20130517080844,149c74fa-21de-11e3-a402-0026b9326338
anus,structure,0,ant_gloss_20130517080844,149c75c2-21de-11e3-a402-0026b9326338
aperture,structure,0,ant_gloss_20130517080844,149c768a-21de-11e3-a402-0026b9326338
apicodorsal,position,0,ant_gloss_20130517080844,149c775c-21de-11e3-a402-0026b9326338
apicolateral,position,0,ant_gloss_20130517080844,149c7824-21de-11e3-a402-0026b9326338
apicomedian,position,0,ant_gloss_20130517080844,149c78ec-21de-11e3-a402-0026b9326338
apicoscrobal,position,0,ant_gloss_20130517080844,149c79b4-21de-11e3-a402-0026b9326338
apicoventral,position,0,ant_gloss_20130517080844,149c7a7c-21de-11e3-a402-0026b9326338
apophysis,structure,0,ant_gloss_20130517080844,149c7c0c-21de-11e3-a402-0026b9326338
appressed,orientation,0,ant_gloss_20130517080844,149c7cde-21de-11e3-a402-0026b9326338
approximate,arrangement,0,ant_gloss_20130517080844,149c7d9c-21de-11e3-a402-0026b9326338
apressed,shape,0,ant_gloss_20130517080844,149c7e6e-21de-11e3-a402-0026b9326338
arch,structure,0,ant_gloss_20130517080844,149c7ffe-21de-11e3-a402-0026b9326338
arched_rugose,surface_sculpture,0,ant_gloss_20130517080844,149c80c6-21de-11e3-a402-0026b9326338
arched_transverse,shape,0,ant_gloss_20130517080844,149c81de-21de-11e3-a402-0026b9326338
arching,orientation,0,ant_gloss_20130517080844,149c82b0-21de-11e3-a402-0026b9326338
areolet,surface_sculpture,0,ant_gloss_20130517080844,149c8378-21de-11e3-a402-0026b9326338
arising,orientation,0,ant_gloss_20130517080844,149c8512-21de-11e3-a402-0026b9326338
arm_like,shape,0,ant_gloss_20130517080844,149c85d0-21de-11e3-a402-0026b9326338
armature,structure,0,ant_gloss_20130517080844,149c86a2-21de-11e3-a402-0026b9326338
arrowhead,shape,0,ant_gloss_20130517080844,149c876a-21de-11e3-a402-0026b9326338
articular,shape,0,ant_gloss_20130517080844,149c8832-21de-11e3-a402-0026b9326338
articulation,structure,0,ant_gloss_20130517080844,149c8904-21de-11e3-a402-0026b9326338
ascending,orientation,0,ant_gloss_20130517080844,149c89cc-21de-11e3-a402-0026b9326338
ascertained,prominence,0,ant_gloss_20130517080844,149c8a94-21de-11e3-a402-0026b9326338
asetose,surface_sculpture,0,ant_gloss_20130517080844,149c8b5c-21de-11e3-a402-0026b9326338
ashy,coloration,0,ant_gloss_20130517080844,149c8c2e-21de-11e3-a402-0026b9326338
ashy_black,coloration,0,ant_gloss_20130517080844,149c8cf6-21de-11e3-a402-0026b9326338
asymmetrical,shape,0,ant_gloss_20130517080844,149c8f58-21de-11e3-a402-0026b9326338
attachment,fusion,0,ant_gloss_20130517080844,149c90e8-21de-11e3-a402-0026b9326338
attenuata,structure,0,ant_gloss_20130517080844,149c91b0-21de-11e3-a402-0026b9326338
auriculate,shape,0,ant_gloss_20130517080844,149c9278-21de-11e3-a402-0026b9326338
axilla,structure,0,ant_gloss_20130517080844,149c934a-21de-11e3-a402-0026b9326338
axillary,position,0,ant_gloss_20130517080844,149c9408-21de-11e3-a402-0026b9326338
axis,structure,0,ant_gloss_20130517080844,149c94da-21de-11e3-a402-0026b9326338
back,position,0,ant_gloss_20130517080844,149c95a2-21de-11e3-a402-0026b9326338
backward_curved,shape,0,ant_gloss_20130517080844,149c9732-21de-11e3-a402-0026b9326338
banded,coloration,0,ant_gloss_20130517080844,149c9804-21de-11e3-a402-0026b9326338
barbulate,structure,0,ant_gloss_20130517080844,149c98cc-21de-11e3-a402-0026b9326338
bars,structure,0,ant_gloss_20130517080844,149c9994-21de-11e3-a402-0026b9326338
basad,position,0,ant_gloss_20130517080844,149c9a5c-21de-11e3-a402-0026b9326338
basal,position,0,ant_gloss_20130517080844,149c9b24-21de-11e3-a402-0026b9326338
basalmost,position,0,ant_gloss_20130517080844,149c9bec-21de-11e3-a402-0026b9326338
basic,prominence,0,ant_gloss_20130517080844,149c9cb4-21de-11e3-a402-0026b9326338
basidorsal,position,0,ant_gloss_20130517080844,149c9d7c-21de-11e3-a402-0026b9326338
basigastral,position,0,ant_gloss_20130517080844,149c9e4e-21de-11e3-a402-0026b9326338
basitarsus,structure,0,ant_gloss_20130517080844,149c9f16-21de-11e3-a402-0026b9326338
beaded,shape,0,ant_gloss_20130517080844,149c9fde-21de-11e3-a402-0026b9326338
beaklike,shape,0,ant_gloss_20130517080844,149ca0a6-21de-11e3-a402-0026b9326338
beard,structure,0,ant_gloss_20130517080844,149ca16e-21de-11e3-a402-0026b9326338
beautiful,prominence,0,ant_gloss_20130517080844,149ca308-21de-11e3-a402-0026b9326338
bellshaped,shape,0,ant_gloss_20130517080844,149ca3d0-21de-11e3-a402-0026b9326338
belt,structure,0,ant_gloss_20130517080844,149ca4a2-21de-11e3-a402-0026b9326338
biconvex,shape,0,ant_gloss_20130517080844,149ca6fa-21de-11e3-a402-0026b9326338
bifid,shape,0,ant_gloss_20130517080844,149ca7c2-21de-11e3-a402-0026b9326338
bifurcate,shape,0,ant_gloss_20130517080844,149ca88a-21de-11e3-a402-0026b9326338
biserial,arrangement,0,ant_gloss_20130517080844,149ca952-21de-11e3-a402-0026b9326338
bizarre,normality,0,ant_gloss_20130517080844,149caa1a-21de-11e3-a402-0026b9326338
blackish_red,coloration,0,ant_gloss_20130517080844,149caae2-21de-11e3-a402-0026b9326338
blackishbrown,coloration,0,ant_gloss_20130517080844,149cabaa-21de-11e3-a402-0026b9326338
blade,structure,0,ant_gloss_20130517080844,149cac7c-21de-11e3-a402-0026b9326338
blanketed,shape,0,ant_gloss_20130517080844,149cad44-21de-11e3-a402-0026b9326338
blending,fusion,0,ant_gloss_20130517080844,149cae0c-21de-11e3-a402-0026b9326338
blight,reflectance,0,ant_gloss_20130517080844,149caed4-21de-11e3-a402-0026b9326338
blind,behavior,0,ant_gloss_20130517080844,149caf9c-21de-11e3-a402-0026b9326338
blood,coloration,0,ant_gloss_20130517080844,149cb064-21de-11e3-a402-0026b9326338
bloom,architecture,0,ant_gloss_20130517080844,149cb136-21de-11e3-a402-0026b9326338
blotch_like,shape,0,ant_gloss_20130517080844,149cb1fe-21de-11e3-a402-0026b9326338
blue_green,coloration,0,ant_gloss_20130517080844,149cb2c6-21de-11e3-a402-0026b9326338
blunt_angled,shape,0,ant_gloss_20130517080844,149cb38e-21de-11e3-a402-0026b9326338
boat_shaped,shape,0,ant_gloss_20130517080844,149cb456-21de-11e3-a402-0026b9326338
body,structure,0,ant_gloss_20130517080844,149cb51e-21de-11e3-a402-0026b9326338
boss,structure,0,ant_gloss_20130517080844,149cb5e6-21de-11e3-a402-0026b9326338
bottom,structure,0,ant_gloss_20130517080844,149cb6ae-21de-11e3-a402-0026b9326338
bowed,shape,0,ant_gloss_20130517080844,149cb83e-21de-11e3-a402-0026b9326338
brachypterous,structure,0,ant_gloss_20130517080844,149cb910-21de-11e3-a402-0026b9326338
branches,structure,0,ant_gloss_20130517080844,149cb9d8-21de-11e3-a402-0026b9326338
bridge,structure,0,ant_gloss_20130517080844,149cbb68-21de-11e3-a402-0026b9326338
brief,size,0,ant_gloss_20130517080844,149cbc30-21de-11e3-a402-0026b9326338
bristle_like,shape,0,ant_gloss_20130517080844,149cbcf8-21de-11e3-a402-0026b9326338
bristles,structure,0,ant_gloss_20130517080844,149cbdca-21de-11e3-a402-0026b9326338
broad,width,0,ant_gloss_20130517080844,149cbe88-21de-11e3-a402-0026b9326338
broader,width,0,ant_gloss_20130517080844,149cbf50-21de-11e3-a402-0026b9326338
broken,architecture,0,ant_gloss_20130517080844,149cc022-21de-11e3-a402-0026b9326338
bronze,coloration,0,ant_gloss_20130517080844,149cc0ea-21de-11e3-a402-0026b9326338
brush,architecture,0,ant_gloss_20130517080844,149cc1b2-21de-11e3-a402-0026b9326338
buccal,structure,0,ant_gloss_20130517080844,149cc27a-21de-11e3-a402-0026b9326338
bulb,structure,0,ant_gloss_20130517080844,149cc342-21de-11e3-a402-0026b9326338
bulbous,shape,0,ant_gloss_20130517080844,149cc40a-21de-11e3-a402-0026b9326338
bulk,size,0,ant_gloss_20130517080844,149cc4d2-21de-11e3-a402-0026b9326338
bulla,structure,0,ant_gloss_20130517080844,149cc59a-21de-11e3-a402-0026b9326338
calcaria,structure,0,ant_gloss_20130517080844,149cc662-21de-11e3-a402-0026b9326338
callus,structure,0,ant_gloss_20130517080844,149cc72a-21de-11e3-a402-0026b9326338
campaniform,shape,0,ant_gloss_20130517080844,149cc7f2-21de-11e3-a402-0026b9326338
campanulate,shape,0,ant_gloss_20130517080844,149cc8ba-21de-11e3-a402-0026b9326338
carina,structure,0,ant_gloss_20130517080844,149ccb1c-21de-11e3-a402-0026b9326338
carina_like,shape,0,ant_gloss_20130517080844,149ccbda-21de-11e3-a402-0026b9326338
carinae,structure,0,ant_gloss_20130517080844,149cccac-21de-11e3-a402-0026b9326338
carton,surface_sculpture,0,ant_gloss_20130517080844,149ccd74-21de-11e3-a402-0026b9326338
carved,shape,0,ant_gloss_20130517080844,149cce32-21de-11e3-a402-0026b9326338
cast,structure,0,ant_gloss_20130517080844,149ccefa-21de-11e3-a402-0026b9326338
castaneous,coloration,0,ant_gloss_20130517080844,149ccfcc-21de-11e3-a402-0026b9326338
caste,structure,0,ant_gloss_20130517080844,149cd08a-21de-11e3-a402-0026b9326338
caudad,structure,0,ant_gloss_20130517080844,149cd152-21de-11e3-a402-0026b9326338
caudal,position,0,ant_gloss_20130517080844,149cd224-21de-11e3-a402-0026b9326338
caudal_fin,structure,0,ant_gloss_20130517080844,149cd2e2-21de-11e3-a402-0026b9326338
cephalad,position,0,ant_gloss_20130517080844,149cd3aa-21de-11e3-a402-0026b9326338
cephalic,structure,0,ant_gloss_20130517080844,149cd47c-21de-11e3-a402-0026b9326338
cervical,position,0,ant_gloss_20130517080844,149cd53a-21de-11e3-a402-0026b9326338
cervix,structure,0,ant_gloss_20130517080844,149cd602-21de-11e3-a402-0026b9326338
channel,structure,0,ant_gloss_20130517080844,149cd6d4-21de-11e3-a402-0026b9326338
characters,character,0,ant_gloss_20130517080844,149cd79c-21de-11e3-a402-0026b9326338
chewing,behavior,0,ant_gloss_20130517080844,149cd864-21de-11e3-a402-0026b9326338
chitinized,surface_sculpture,0,ant_gloss_20130517080844,149cd9f4-21de-11e3-a402-0026b9326338
chitinous,surface_sculpture,0,ant_gloss_20130517080844,149cdabc-21de-11e3-a402-0026b9326338
chocolate,coloration,0,ant_gloss_20130517080844,149cdb84-21de-11e3-a402-0026b9326338
chord,position,0,ant_gloss_20130517080844,149cdc4c-21de-11e3-a402-0026b9326338
cilia_like,shape,0,ant_gloss_20130517080844,149cdd14-21de-11e3-a402-0026b9326338
cinereous,coloration,0,ant_gloss_20130517080844,149cdde6-21de-11e3-a402-0026b9326338
circa,structure,0,ant_gloss_20130517080844,149cdea4-21de-11e3-a402-0026b9326338
circlet,structure,0,ant_gloss_20130517080844,149cdf6c-21de-11e3-a402-0026b9326338
circular,shape,0,ant_gloss_20130517080844,149ce034-21de-11e3-a402-0026b9326338
claret_coloured,coloration,0,ant_gloss_20130517080844,149ce1c4-21de-11e3-a402-0026b9326338
clasping,architecture,0,ant_gloss_20130517080844,149ce28c-21de-11e3-a402-0026b9326338
clathrate,architecture,0,ant_gloss_20130517080844,149ce35e-21de-11e3-a402-0026b9326338
clavato,shape,0,ant_gloss_20130517080844,149ce426-21de-11e3-a402-0026b9326338
clay,coloration,0,ant_gloss_20130517080844,149cecb4-21de-11e3-a402-0026b9326338
clear,coloration,0,ant_gloss_20130517080844,149ced86-21de-11e3-a402-0026b9326338
cleithrum,structure,0,ant_gloss_20130517080844,149cf024-21de-11e3-a402-0026b9326338
close,arrangement,0,ant_gloss_20130517080844,149cf0f6-21de-11e3-a402-0026b9326338
close_packed,density,0,ant_gloss_20130517080844,149cf1be-21de-11e3-a402-0026b9326338
close_set,arrangement,0,ant_gloss_20130517080844,149cf290-21de-11e3-a402-0026b9326338
closed,closure,0,ant_gloss_20130517080844,149cf362-21de-11e3-a402-0026b9326338
closing,architecture,0,ant_gloss_20130517080844,149cf4fc-21de-11e3-a402-0026b9326338
club,structure,0,ant_gloss_20130517080844,149cf5c4-21de-11e3-a402-0026b9326338
clubbing,arrangement,0,ant_gloss_20130517080844,149cf68c-21de-11e3-a402-0026b9326338
clypeal,position,0,ant_gloss_20130517080844,149cf754-21de-11e3-a402-0026b9326338
clypeus,structure,0,ant_gloss_20130517080844,149cf826-21de-11e3-a402-0026b9326338
coastal,surface_sculpture,0,ant_gloss_20130517080844,149cf8ee-21de-11e3-a402-0026b9326338
coated,surface_sculpture,0,ant_gloss_20130517080844,149cf9b6-21de-11e3-a402-0026b9326338
coidal,shape,0,ant_gloss_20130517080844,149cfa7e-21de-11e3-a402-0026b9326338
collar,structure,0,ant_gloss_20130517080844,149cfb46-21de-11e3-a402-0026b9326338
colon,shape,0,ant_gloss_20130517080844,149cfc0e-21de-11e3-a402-0026b9326338
colonel,shape,0,ant_gloss_20130517080844,149cfce0-21de-11e3-a402-0026b9326338
column,structure,0,ant_gloss_20130517080844,149cfda8-21de-11e3-a402-0026b9326338
combined,arrangement,0,ant_gloss_20130517080844,149cfe70-21de-11e3-a402-0026b9326338
commuted,density,0,ant_gloss_20130517080844,149cff42-21de-11e3-a402-0026b9326338
compact,architecture,0,ant_gloss_20130517080844,149d000a-21de-11e3-a402-0026b9326338
complement,density,0,ant_gloss_20130517080844,149d00d2-21de-11e3-a402-0026b9326338
complete,development,0,ant_gloss_20130517080844,149d019a-21de-11e3-a402-0026b9326338
composite,architecture,0,ant_gloss_20130517080844,149d0262-21de-11e3-a402-0026b9326338
compound,architecture,0,ant_gloss_20130517080844,149d0334-21de-11e3-a402-0026b9326338
compressed,shape,0,ant_gloss_20130517080844,149d03fc-21de-11e3-a402-0026b9326338
concave,shape,0,ant_gloss_20130517080844,149d04c4-21de-11e3-a402-0026b9326338
concavity,structure,0,ant_gloss_20130517080844,149d058c-21de-11e3-a402-0026b9326338
concentrated,arrangement,0,ant_gloss_20130517080844,149d0726-21de-11e3-a402-0026b9326338
concentric,position,0,ant_gloss_20130517080844,149d07ee-21de-11e3-a402-0026b9326338
concert,density,0,ant_gloss_20130517080844,149d08b6-21de-11e3-a402-0026b9326338
concolorous,coloration,0,ant_gloss_20130517080844,149d0988-21de-11e3-a402-0026b9326338
cone_shaped,shape,0,ant_gloss_20130517080844,149d0bea-21de-11e3-a402-0026b9326338
confined,size,0,ant_gloss_20130517080844,149d0e42-21de-11e3-a402-0026b9326338
confluence,shape,0,ant_gloss_20130517080844,149d0f0a-21de-11e3-a402-0026b9326338
confluent,direction,0,ant_gloss_20130517080844,149d0fd2-21de-11e3-a402-0026b9326338
confounded,fusion,0,ant_gloss_20130517080844,149d109a-21de-11e3-a402-0026b9326338
conjoined,fusion,0,ant_gloss_20130517080844,149d116c-21de-11e3-a402-0026b9326338
considerable,size,0,ant_gloss_20130517080844,149d1234-21de-11e3-a402-0026b9326338
constituents,structure,0,ant_gloss_20130517080844,149d12fc-21de-11e3-a402-0026b9326338
constricted,size,0,ant_gloss_20130517080844,149d13c4-21de-11e3-a402-0026b9326338
constriction,structure,0,ant_gloss_20130517080844,149d148c-21de-11e3-a402-0026b9326338
consulcuous,arrangement,0,ant_gloss_20130517080844,149d155e-21de-11e3-a402-0026b9326338
continous,arrangement,0,ant_gloss_20130517080844,149d1626-21de-11e3-a402-0026b9326338
continuous,architecture,0,ant_gloss_20130517080844,149d16ee-21de-11e3-a402-0026b9326338
contracta,structure,0,ant_gloss_20130517080844,149d17c0-21de-11e3-a402-0026b9326338
contracted,size,0,ant_gloss_20130517080844,149d1888-21de-11e3-a402-0026b9326338
conulate,shape,0,ant_gloss_20130517080844,149d1950-21de-11e3-a402-0026b9326338
convex,shape,0,ant_gloss_20130517080844,149d1ae0-21de-11e3-a402-0026b9326338
convexity,structure,0,ant_gloss_20130517080844,149d1ba8-21de-11e3-a402-0026b9326338
copulation,behavior,0,ant_gloss_20130517080844,149d1c70-21de-11e3-a402-0026b9326338
cordate,shape,0,ant_gloss_20130517080844,149d1d38-21de-11e3-a402-0026b9326338
coriaceous,external_texture,0,ant_gloss_20130517080844,149d1e6e-21de-11e3-a402-0026b9326338
coriarious,surface_sculpture,0,ant_gloss_20130517080844,149d1f36-21de-11e3-a402-0026b9326338
corner_like,shape,0,ant_gloss_20130517080844,149d2008-21de-11e3-a402-0026b9326338
cornulate,surface_sculpture,0,ant_gloss_20130517080844,149d20d0-21de-11e3-a402-0026b9326338
coronal,position,0,ant_gloss_20130517080844,149d2198-21de-11e3-a402-0026b9326338
costate,architecture,0,ant_gloss_20130517080844,149d227e-21de-11e3-a402-0026b9326338
costulae,structure,0,ant_gloss_20130517080844,149d2346-21de-11e3-a402-0026b9326338
costulate,surface_sculpture,0,ant_gloss_20130517080844,149d2418-21de-11e3-a402-0026b9326338
costulate_rugulose,surface_sculpture,0,ant_gloss_20130517080844,149d24ea-21de-11e3-a402-0026b9326338
costulation,structure,0,ant_gloss_20130517080844,149d25b2-21de-11e3-a402-0026b9326338
countless,count,0,ant_gloss_20130517080844,149d267a-21de-11e3-a402-0026b9326338
couple,count,0,ant_gloss_20130517080844,149d274c-21de-11e3-a402-0026b9326338
couplet,structure,0,ant_gloss_20130517080844,149d2814-21de-11e3-a402-0026b9326338
cranial,position,0,ant_gloss_20130517080844,149d2a76-21de-11e3-a402-0026b9326338
cranium,structure,0,ant_gloss_20130517080844,149d2b3e-21de-11e3-a402-0026b9326338
crenate,shape,0,ant_gloss_20130517080844,149d2c10-21de-11e3-a402-0026b9326338
cristulations,structure,0,ant_gloss_20130517080844,149d2cd8-21de-11e3-a402-0026b9326338
crucial,condition,0,ant_gloss_20130517080844,149d2da0-21de-11e3-a402-0026b9326338
cryptic_foraging,architecture,0,ant_gloss_20130517080844,149d2e72-21de-11e3-a402-0026b9326338
crypto_nephric,architecture,0,ant_gloss_20130517080844,149d2f3a-21de-11e3-a402-0026b9326338
cryptopone,architecture,0,ant_gloss_20130517080844,149d3002-21de-11e3-a402-0026b9326338
cultrate,shape,0,ant_gloss_20130517080844,149d30d4-21de-11e3-a402-0026b9326338
cuneate,shape,0,ant_gloss_20130517080844,149d319c-21de-11e3-a402-0026b9326338
cupuliform,shape,0,ant_gloss_20130517080844,149d3264-21de-11e3-a402-0026b9326338
curled,shape,0,ant_gloss_20130517080844,149d332c-21de-11e3-a402-0026b9326338
cursor,shape,0,ant_gloss_20130517080844,149d33fe-21de-11e3-a402-0026b9326338
curtain,structure,0,ant_gloss_20130517080844,149d34c6-21de-11e3-a402-0026b9326338
curvature,shape,0,ant_gloss_20130517080844,149d358e-21de-11e3-a402-0026b9326338
curved_clavate,shape,0,ant_gloss_20130517080844,149d3660-21de-11e3-a402-0026b9326338
dark_redbrown,coloration,0,ant_gloss_20130517080844,149d37f0-21de-11e3-a402-0026b9326338
darkbrown,coloration,0,ant_gloss_20130517080844,149d38c2-21de-11e3-a402-0026b9326338
declivity,structure,0,ant_gloss_20130517080844,149d3b1a-21de-11e3-a402-0026b9326338
decurved,shape,0,ant_gloss_20130517080844,149d3be2-21de-11e3-a402-0026b9326338
defined,presence,0,ant_gloss_20130517080844,149d3caa-21de-11e3-a402-0026b9326338
dendrophilous,structure,0,ant_gloss_20130517080844,149d3e44-21de-11e3-a402-0026b9326338
dental,structure,0,ant_gloss_20130517080844,149d3fd4-21de-11e3-a402-0026b9326338
dentate,shape,0,ant_gloss_20130517080844,149d40a6-21de-11e3-a402-0026b9326338
denticulate,shape,0,ant_gloss_20130517080844,149d416e-21de-11e3-a402-0026b9326338
denticulated,architecture,0,ant_gloss_20130517080844,149d4240-21de-11e3-a402-0026b9326338
dentiform,shape,0,ant_gloss_20130517080844,149d4308-21de-11e3-a402-0026b9326338
depigmented,coloration,0,ant_gloss_20130517080844,149d4498-21de-11e3-a402-0026b9326338
depression,structure,0,ant_gloss_20130517080844,149d4632-21de-11e3-a402-0026b9326338
derivation,character,0,ant_gloss_20130517080844,149d46fa-21de-11e3-a402-0026b9326338
derivative,derivation,0,ant_gloss_20130517080844,149d47cc-21de-11e3-a402-0026b9326338
derived,derivation,0,ant_gloss_20130517080844,149d489e-21de-11e3-a402-0026b9326338
descending,orientation,0,ant_gloss_20130517080844,149d4966-21de-11e3-a402-0026b9326338
destitute,density,0,ant_gloss_20130517080844,149d4a2e-21de-11e3-a402-0026b9326338
detected,presence,0,ant_gloss_20130517080844,149d4af6-21de-11e3-a402-0026b9326338
diastemata,structure,0,ant_gloss_20130517080844,149d4ef2-21de-11e3-a402-0026b9326338
dichthadiiform,shape,0,ant_gloss_20130517080844,149d4fba-21de-11e3-a402-0026b9326338
differently_shaped,shape,0,ant_gloss_20130517080844,149d5154-21de-11e3-a402-0026b9326338
diffuse,density,0,ant_gloss_20130517080844,149d521c-21de-11e3-a402-0026b9326338
digital,structure,0,ant_gloss_20130517080844,149d53b6-21de-11e3-a402-0026b9326338
digitate,architecture,0,ant_gloss_20130517080844,149d547e-21de-11e3-a402-0026b9326338
digitiform,shape,0,ant_gloss_20130517080844,149d5550-21de-11e3-a402-0026b9326338
dimorphic,habit,0,ant_gloss_20130517080844,149d560e-21de-11e3-a402-0026b9326338
dimorphism,coloration,0,ant_gloss_20130517080844,149d56e0-21de-11e3-a402-0026b9326338
dingy,reflectance,0,ant_gloss_20130517080844,149d57a8-21de-11e3-a402-0026b9326338
dip,structure,0,ant_gloss_20130517080844,149d587a-21de-11e3-a402-0026b9326338
disc,structure,0,ant_gloss_20130517080844,149d5a0a-21de-11e3-a402-0026b9326338
discordant,arrangement,0,ant_gloss_20130517080844,149d5adc-21de-11e3-a402-0026b9326338
discrete,fusion,0,ant_gloss_20130517080844,149d5d3e-21de-11e3-a402-0026b9326338
dish_shaped,shape,0,ant_gloss_20130517080844,149d5ece-21de-11e3-a402-0026b9326338
dispersed,arrangement,0,ant_gloss_20130517080844,149d5fa0-21de-11e3-a402-0026b9326338
disposed,arrangement,0,ant_gloss_20130517080844,149d620c-21de-11e3-a402-0026b9326338
disrupted,arrangement,0,ant_gloss_20130517080844,149d62d4-21de-11e3-a402-0026b9326338
distad,position,0,ant_gloss_20130517080844,149d639c-21de-11e3-a402-0026b9326338
distant,arrangement,0,ant_gloss_20130517080844,149d6464-21de-11e3-a402-0026b9326338
distended,size,0,ant_gloss_20130517080844,149d652c-21de-11e3-a402-0026b9326338
diverse,variability,0,ant_gloss_20130517080844,149d69fa-21de-11e3-a402-0026b9326338
divisional,arrangement,0,ant_gloss_20130517080844,149d6b8a-21de-11e3-a402-0026b9326338
dome,structure,0,ant_gloss_20130517080844,149d6d24-21de-11e3-a402-0026b9326338
dorsal_fin,structure,0,ant_gloss_20130517080844,149d6dec-21de-11e3-a402-0026b9326338
dorsaloblique,position,0,ant_gloss_20130517080844,149d6eb4-21de-11e3-a402-0026b9326338
dorso_anterior,position,0,ant_gloss_20130517080844,149d6f86-21de-11e3-a402-0026b9326338
dorso_oblique,position,0,ant_gloss_20130517080844,149d704e-21de-11e3-a402-0026b9326338
dorsomedial,position,0,ant_gloss_20130517080844,149d7116-21de-11e3-a402-0026b9326338
dorsoposterior,position,0,ant_gloss_20130517080844,149d71e8-21de-11e3-a402-0026b9326338
dorsoventral,position,0,ant_gloss_20130517080844,149d72b0-21de-11e3-a402-0026b9326338
dorsum,structure,0,ant_gloss_20130517080844,149d7378-21de-11e3-a402-0026b9326338
dot_like,shape,0,ant_gloss_20130517080844,149d744a-21de-11e3-a402-0026b9326338
double,count,0,ant_gloss_20130517080844,149d7512-21de-11e3-a402-0026b9326338
downcurved,shape,0,ant_gloss_20130517080844,149d76a2-21de-11e3-a402-0026b9326338
downy,surface_sculpture,0,ant_gloss_20130517080844,149d776a-21de-11e3-a402-0026b9326338
dozen,count,0,ant_gloss_20130517080844,149d783c-21de-11e3-a402-0026b9326338
dried,condition,0,ant_gloss_20130517080844,149d7904-21de-11e3-a402-0026b9326338
drop_shaped,shape,0,ant_gloss_20130517080844,149d79cc-21de-11e3-a402-0026b9326338
dry,condition,0,ant_gloss_20130517080844,149d7a94-21de-11e3-a402-0026b9326338
dull,reflectance,0,ant_gloss_20130517080844,149d7b5c-21de-11e3-a402-0026b9326338
duller,shape,0,ant_gloss_20130517080844,149d7c2e-21de-11e3-a402-0026b9326338
dusky,coloration,0,ant_gloss_20130517080844,149d7cf6-21de-11e3-a402-0026b9326338
dusty,coating,0,ant_gloss_20130517080844,149d7dbe-21de-11e3-a402-0026b9326338
ecarinate,surface_sculpture,0,ant_gloss_20130517080844,149d8020-21de-11e3-a402-0026b9326338
eccentric,position,0,ant_gloss_20130517080844,149d80e8-21de-11e3-a402-0026b9326338
edge,structure,0,ant_gloss_20130517080844,149d81ba-21de-11e3-a402-0026b9326338
edged,architecture,0,ant_gloss_20130517080844,149d8282-21de-11e3-a402-0026b9326338
effulgence,reflectance,0,ant_gloss_20130517080844,149d834a-21de-11e3-a402-0026b9326338
egg_shaped,shape,0,ant_gloss_20130517080844,149d841c-21de-11e3-a402-0026b9326338
eight,count,0,ant_gloss_20130517080844,149d84e4-21de-11e3-a402-0026b9326338
eightteenth,position,0,ant_gloss_20130517080844,149d85ac-21de-11e3-a402-0026b9326338
eigth,position,0,ant_gloss_20130517080844,149d8674-21de-11e3-a402-0026b9326338
elbowed,shape,0,ant_gloss_20130517080844,149d891c-21de-11e3-a402-0026b9326338
elements,structure,0,ant_gloss_20130517080844,149d89ee-21de-11e3-a402-0026b9326338
eleven,count,0,ant_gloss_20130517080844,149d8b88-21de-11e3-a402-0026b9326338
elliptic,arrangement,0,ant_gloss_20130517080844,149d8c5a-21de-11e3-a402-0026b9326338
elongate_rounded,shape,0,ant_gloss_20130517080844,149d8d2c-21de-11e3-a402-0026b9326338
elongate_spiniform,shape,0,ant_gloss_20130517080844,149d8dfe-21de-11e3-a402-0026b9326338
elongateovate,shape,0,ant_gloss_20130517080844,149d8ec6-21de-11e3-a402-0026b9326338
elongatequadrate,shape,0,ant_gloss_20130517080844,149d8f8e-21de-11e3-a402-0026b9326338
elongaterectangular,shape,0,ant_gloss_20130517080844,149d9060-21de-11e3-a402-0026b9326338
elongatetriangular,shape,0,ant_gloss_20130517080844,149d9132-21de-11e3-a402-0026b9326338
emargination,structure,0,ant_gloss_20130517080844,149d91fa-21de-11e3-a402-0026b9326338
encapsulated,fusion,0,ant_gloss_20130517080844,149d9600-21de-11e3-a402-0026b9326338
end,position,0,ant_gloss_20130517080844,149d986c-21de-11e3-a402-0026b9326338
ends,structure,0,ant_gloss_20130517080844,149d9a06-21de-11e3-a402-0026b9326338
enlarged,size,0,ant_gloss_20130517080844,149d9ad8-21de-11e3-a402-0026b9326338
enormous,size,0,ant_gloss_20130517080844,149d9ba0-21de-11e3-a402-0026b9326338
entire,shape,0,ant_gloss_20130517080844,149d9e02-21de-11e3-a402-0026b9326338
entrance,structure,0,ant_gloss_20130517080844,149d9f9c-21de-11e3-a402-0026b9326338
epaulet,structure,0,ant_gloss_20130517080844,149da136-21de-11e3-a402-0026b9326338
epi,position,0,ant_gloss_20130517080844,149da1fe-21de-11e3-a402-0026b9326338
epigaeic,life_style,0,ant_gloss_20130517080844,149da2d0-21de-11e3-a402-0026b9326338
epinotal,structure,0,ant_gloss_20130517080844,149da398-21de-11e3-a402-0026b9326338
epinotum,structure,0,ant_gloss_20130517080844,149da46a-21de-11e3-a402-0026b9326338
episternal,structure,0,ant_gloss_20130517080844,149da53c-21de-11e3-a402-0026b9326338
epistomal,structure,0,ant_gloss_20130517080844,149da604-21de-11e3-a402-0026b9326338
epomia,structure,0,ant_gloss_20130517080844,149da6cc-21de-11e3-a402-0026b9326338
equidistant,length,0,ant_gloss_20130517080844,149da79e-21de-11e3-a402-0026b9326338
erect,orientation,0,ant_gloss_20130517080844,149da938-21de-11e3-a402-0026b9326338
ergatomorphic,life_style,0,ant_gloss_20130517080844,149daa00-21de-11e3-a402-0026b9326338
esca,structure,0,ant_gloss_20130517080844,149daad2-21de-11e3-a402-0026b9326338
etched,surface_sculpture,0,ant_gloss_20130517080844,149dad34-21de-11e3-a402-0026b9326338
etchings,structure,0,ant_gloss_20130517080844,149dae06-21de-11e3-a402-0026b9326338
evanescent,presence,0,ant_gloss_20130517080844,149daece-21de-11e3-a402-0026b9326338
excavations,structure,0,ant_gloss_20130517080844,149db13a-21de-11e3-a402-0026b9326338
exocrine,structure,0,ant_gloss_20130517080844,149db536-21de-11e3-a402-0026b9326338
extends,size,0,ant_gloss_20130517080844,149db6d0-21de-11e3-a402-0026b9326338
extensive,density,0,ant_gloss_20130517080844,149db7a2-21de-11e3-a402-0026b9326338
extensor_flexor,structure,0,ant_gloss_20130517080844,149db874-21de-11e3-a402-0026b9326338
externo_medial,position,0,ant_gloss_20130517080844,149db946-21de-11e3-a402-0026b9326338
facets,structure,0,ant_gloss_20130517080844,149dbbb2-21de-11e3-a402-0026b9326338
facial,structure,0,ant_gloss_20130517080844,149dbc7a-21de-11e3-a402-0026b9326338
falciform,shape,0,ant_gloss_20130517080844,149dbd4c-21de-11e3-a402-0026b9326338
fascia,structure,0,ant_gloss_20130517080844,149dbfae-21de-11e3-a402-0026b9326338
feae,structure,0,ant_gloss_20130517080844,149dc21a-21de-11e3-a402-0026b9326338
ferraginous,coloration,0,ant_gloss_20130517080844,149dc2ec-21de-11e3-a402-0026b9326338
ferrugineus,coloration,0,ant_gloss_20130517080844,149dc3be-21de-11e3-a402-0026b9326338
fertile,reproduction,0,ant_gloss_20130517080844,149dc486-21de-11e3-a402-0026b9326338
festoon,structure,0,ant_gloss_20130517080844,149dc558-21de-11e3-a402-0026b9326338
field,structure,0,ant_gloss_20130517080844,149dc620-21de-11e3-a402-0026b9326338
fifteenth,position,0,ant_gloss_20130517080844,149dc6f2-21de-11e3-a402-0026b9326338
filaments,structure,0,ant_gloss_20130517080844,149dc88c-21de-11e3-a402-0026b9326338
filiform,shape,0,ant_gloss_20130517080844,149dc954-21de-11e3-a402-0026b9326338
fin,structure,0,ant_gloss_20130517080844,149dca26-21de-11e3-a402-0026b9326338
fingerlike,shape,0,ant_gloss_20130517080844,149dcaf8-21de-11e3-a402-0026b9326338
fingerprint_like,shape,0,ant_gloss_20130517080844,149dcbc0-21de-11e3-a402-0026b9326338
fins,structure,0,ant_gloss_20130517080844,149dcd5a-21de-11e3-a402-0026b9326338
first,position,0,ant_gloss_20130517080844,149dce22-21de-11e3-a402-0026b9326338
fissure,structure,0,ant_gloss_20130517080844,149dcfbc-21de-11e3-a402-0026b9326338
five,count,0,ant_gloss_20130517080844,149dd08e-21de-11e3-a402-0026b9326338
flagel,structure,0,ant_gloss_20130517080844,149dd156-21de-11e3-a402-0026b9326338
flagelliform,shape,0,ant_gloss_20130517080844,149dd228-21de-11e3-a402-0026b9326338
flagellomeres,structure,0,ant_gloss_20130517080844,149dd2f0-21de-11e3-a402-0026b9326338
flagellum,structure,0,ant_gloss_20130517080844,149dd3c2-21de-11e3-a402-0026b9326338
flanged,shape,0,ant_gloss_20130517080844,149dd48a-21de-11e3-a402-0026b9326338
flanks,structure,0,ant_gloss_20130517080844,149dd55c-21de-11e3-a402-0026b9326338
flaring,shape,0,ant_gloss_20130517080844,149dd6ec-21de-11e3-a402-0026b9326338
flavohyaline,coloration,0,ant_gloss_20130517080844,149dd7c8-21de-11e3-a402-0026b9326338
fleshy,texture,0,ant_gloss_20130517080844,149dd890-21de-11e3-a402-0026b9326338
flexed,shape,0,ant_gloss_20130517080844,149dd958-21de-11e3-a402-0026b9326338
flexuous,course,0,ant_gloss_20130517080844,149dda2a-21de-11e3-a402-0026b9326338
floor,structure,0,ant_gloss_20130517080844,149ddaf2-21de-11e3-a402-0026b9326338
folded,arrangement,0,ant_gloss_20130517080844,149ddbba-21de-11e3-a402-0026b9326338
folds,structure,0,ant_gloss_20130517080844,149ddc8c-21de-11e3-a402-0026b9326338
foliaceous,surface_sculpture,0,ant_gloss_20130517080844,149ddd5e-21de-11e3-a402-0026b9326338
footstalk,structure,0,ant_gloss_20130517080844,149ddeee-21de-11e3-a402-0026b9326338
forcipate,shape,0,ant_gloss_20130517080844,149ddfc0-21de-11e3-a402-0026b9326338
fore,position,0,ant_gloss_20130517080844,149de088-21de-11e3-a402-0026b9326338
fore_half,position,0,ant_gloss_20130517080844,149de15a-21de-11e3-a402-0026b9326338
forehead,structure,0,ant_gloss_20130517080844,149de2f4-21de-11e3-a402-0026b9326338
foremost,position,0,ant_gloss_20130517080844,149de3c6-21de-11e3-a402-0026b9326338
fork,structure,0,ant_gloss_20130517080844,149de498-21de-11e3-a402-0026b9326338
fourteenth,position,0,ant_gloss_20130517080844,149de628-21de-11e3-a402-0026b9326338
foveo_reticulate,surface_sculpture,0,ant_gloss_20130517080844,149de6fa-21de-11e3-a402-0026b9326338
foveolae,structure,0,ant_gloss_20130517080844,149de7c2-21de-11e3-a402-0026b9326338
foveolate,surface_sculpture,0,ant_gloss_20130517080844,149de894-21de-11e3-a402-0026b9326338
foveolate_punctate,surface_sculpture,0,ant_gloss_20130517080844,149de966-21de-11e3-a402-0026b9326338
foveolatereticulate,surface_sculpture,0,ant_gloss_20130517080844,149dea38-21de-11e3-a402-0026b9326338
foveolation,structure,0,ant_gloss_20130517080844,149deb00-21de-11e3-a402-0026b9326338
fresh,condition,0,ant_gloss_20130517080844,149dec9a-21de-11e3-a402-0026b9326338
fringe,structure,0,ant_gloss_20130517080844,149ded62-21de-11e3-a402-0026b9326338
frons,structure,0,ant_gloss_20130517080844,149dee34-21de-11e3-a402-0026b9326338
frontoclypeal,structure,0,ant_gloss_20130517080844,149deefc-21de-11e3-a402-0026b9326338
fuliginous,coloration,0,ant_gloss_20130517080844,149defce-21de-11e3-a402-0026b9326338
fullest,density,0,ant_gloss_20130517080844,149df168-21de-11e3-a402-0026b9326338
fullface,structure,0,ant_gloss_20130517080844,149df230-21de-11e3-a402-0026b9326338
fulvohyaline,coloration,0,ant_gloss_20130517080844,149df302-21de-11e3-a402-0026b9326338
fulvous,coloration,0,ant_gloss_20130517080844,149df3d4-21de-11e3-a402-0026b9326338
functional,condition,0,ant_gloss_20130517080844,149df49c-21de-11e3-a402-0026b9326338
fungus_growing,architecture,0,ant_gloss_20130517080844,149df564-21de-11e3-a402-0026b9326338
funicular,shape,0,ant_gloss_20130517080844,149df636-21de-11e3-a402-0026b9326338
furrowed,architecture,0,ant_gloss_20130517080844,149df708-21de-11e3-a402-0026b9326338
furrows_shaped,shape,0,ant_gloss_20130517080844,149df7d0-21de-11e3-a402-0026b9326338
fusco_ferruginous,coloration,0,ant_gloss_20130517080844,149df8a2-21de-11e3-a402-0026b9326338
fusco_testaceous,coloration,0,ant_gloss_20130517080844,149df974-21de-11e3-a402-0026b9326338
fuscoferruginous,surface_sculpture,0,ant_gloss_20130517080844,149dfa3c-21de-11e3-a402-0026b9326338
fuscous_red,coloration,0,ant_gloss_20130517080844,149dfb0e-21de-11e3-a402-0026b9326338
fusiform,shape,0,ant_gloss_20130517080844,149dfbe0-21de-11e3-a402-0026b9326338
fuzzy,coloration,0,ant_gloss_20130517080844,149dfca8-21de-11e3-a402-0026b9326338
galea,structure,0,ant_gloss_20130517080844,149dfd70-21de-11e3-a402-0026b9326338
gaster,structure,0,ant_gloss_20130517080844,149dfe42-21de-11e3-a402-0026b9326338
gasteric,structure,0,ant_gloss_20130517080844,149dff0a-21de-11e3-a402-0026b9326338
gastral,structure,0,ant_gloss_20130517080844,149dffdc-21de-11e3-a402-0026b9326338
gastric,structure,0,ant_gloss_20130517080844,149e00ae-21de-11e3-a402-0026b9326338
gena,structure,0,ant_gloss_20130517080844,149e0176-21de-11e3-a402-0026b9326338
genal,structure,0,ant_gloss_20130517080844,149e0248-21de-11e3-a402-0026b9326338
genital,structure,0,ant_gloss_20130517080844,149e0310-21de-11e3-a402-0026b9326338
gentle,intensity_level,0,ant_gloss_20130517080844,149e03d8-21de-11e3-a402-0026b9326338
genual,shape,0,ant_gloss_20130517080844,149e04a0-21de-11e3-a402-0026b9326338
gilded,coloration,0,ant_gloss_20130517080844,149e0572-21de-11e3-a402-0026b9326338
gillslit,structure,0,ant_gloss_20130517080844,149e063a-21de-11e3-a402-0026b9326338
girdling,architecture,0,ant_gloss_20130517080844,149e0702-21de-11e3-a402-0026b9326338
glabrous,surface_sculpture,0,ant_gloss_20130517080844,149e07d4-21de-11e3-a402-0026b9326338
gland,structure,0,ant_gloss_20130517080844,149e096e-21de-11e3-a402-0026b9326338
glass_like,shape,0,ant_gloss_20130517080844,149e0a40-21de-11e3-a402-0026b9326338
glaucous,coating,0,ant_gloss_20130517080844,149e0b08-21de-11e3-a402-0026b9326338
glue,surface_sculpture,0,ant_gloss_20130517080844,149e0bda-21de-11e3-a402-0026b9326338
gradient,intensity_level,0,ant_gloss_20130517080844,149e0ca2-21de-11e3-a402-0026b9326338
gradual,intensity_level,0,ant_gloss_20130517080844,149e0e46-21de-11e3-a402-0026b9326338
granulate_foveolate,surface_sculpture,0,ant_gloss_20130517080844,149e0f18-21de-11e3-a402-0026b9326338
granulate_tuberculate,surface_sculpture,0,ant_gloss_20130517080844,149e0fea-21de-11e3-a402-0026b9326338
gravel,surface_sculpture,0,ant_gloss_20130517080844,149e10bc-21de-11e3-a402-0026b9326338
griseous,coloration,0,ant_gloss_20130517080844,149e1256-21de-11e3-a402-0026b9326338
grooved,architecture,0,ant_gloss_20130517080844,149e1328-21de-11e3-a402-0026b9326338
ground_sculpture,structure,0,ant_gloss_20130517080844,149e13f0-21de-11e3-a402-0026b9326338
groundpilosity,surface_sculpture,0,ant_gloss_20130517080844,149e14c2-21de-11e3-a402-0026b9326338
growing,development,0,ant_gloss_20130517080844,149e1594-21de-11e3-a402-0026b9326338
hair_bearing,surface_sculpture,0,ant_gloss_20130517080844,149e165c-21de-11e3-a402-0026b9326338
hair_like,surface_sculpture,0,ant_gloss_20130517080844,149e172e-21de-11e3-a402-0026b9326338
hairline,surface_sculpture,0,ant_gloss_20130517080844,149e17f6-21de-11e3-a402-0026b9326338
hairy,structure,0,ant_gloss_20130517080844,149e18c8-21de-11e3-a402-0026b9326338
halfway,position,0,ant_gloss_20130517080844,149e1a62-21de-11e3-a402-0026b9326338
halves,structure,0,ant_gloss_20130517080844,149e1b2a-21de-11e3-a402-0026b9326338
hamuli,structure,0,ant_gloss_20130517080844,149e1c06-21de-11e3-a402-0026b9326338
head,structure,0,ant_gloss_20130517080844,149e1d96-21de-11e3-a402-0026b9326338
head_smooth,surface_sculpture,0,ant_gloss_20130517080844,149e1e68-21de-11e3-a402-0026b9326338
headless,architecture,0,ant_gloss_20130517080844,149e2002-21de-11e3-a402-0026b9326338
helcium,structure,0,ant_gloss_20130517080844,149e22aa-21de-11e3-a402-0026b9326338
hemisphere,structure,0,ant_gloss_20130517080844,149e2386-21de-11e3-a402-0026b9326338
high_domed,shape,0,ant_gloss_20130517080844,149e25fc-21de-11e3-a402-0026b9326338
high_subconical,shape,0,ant_gloss_20130517080844,149e26ce-21de-11e3-a402-0026b9326338
hispid,surface_sculpture,0,ant_gloss_20130517080844,149e2872-21de-11e3-a402-0026b9326338
hoary,surface_sculpture,0,ant_gloss_20130517080844,149e2944-21de-11e3-a402-0026b9326338
hollow_curved,shape,0,ant_gloss_20130517080844,149e2a0c-21de-11e3-a402-0026b9326338
holotype,structure,0,ant_gloss_20130517080844,149e2ade-21de-11e3-a402-0026b9326338
homologous,development,0,ant_gloss_20130517080844,149e2bb0-21de-11e3-a402-0026b9326338
hood_like,shape,0,ant_gloss_20130517080844,149e2c82-21de-11e3-a402-0026b9326338
hook,structure,0,ant_gloss_20130517080844,149e2d54-21de-11e3-a402-0026b9326338
horizontal,position,0,ant_gloss_20130517080844,149e2e26-21de-11e3-a402-0026b9326338
horseshoe_shaped,shape,0,ant_gloss_20130517080844,149e2eee-21de-11e3-a402-0026b9326338
hourglass,shape,0,ant_gloss_20130517080844,149e2fc0-21de-11e3-a402-0026b9326338
huge,size,0,ant_gloss_20130517080844,149e3092-21de-11e3-a402-0026b9326338
humeral,structure,0,ant_gloss_20130517080844,149e3164-21de-11e3-a402-0026b9326338
humerus,structure,0,ant_gloss_20130517080844,149e322c-21de-11e3-a402-0026b9326338
hump,structure,0,ant_gloss_20130517080844,149e32fe-21de-11e3-a402-0026b9326338
humped,shape,0,ant_gloss_20130517080844,149e33d0-21de-11e3-a402-0026b9326338
hyaline,coloration,0,ant_gloss_20130517080844,149e34a2-21de-11e3-a402-0026b9326338
hypertrophied,position,0,ant_gloss_20130517080844,149e3574-21de-11e3-a402-0026b9326338
hypopharynx,structure,0,ant_gloss_20130517080844,149e3718-21de-11e3-a402-0026b9326338
hypostoma,structure,0,ant_gloss_20130517080844,149e37e0-21de-11e3-a402-0026b9326338
hypostomal,structure,0,ant_gloss_20130517080844,149e38bc-21de-11e3-a402-0026b9326338
illicium,structure,0,ant_gloss_20130517080844,149e3bfa-21de-11e3-a402-0026b9326338
illumination,structure,0,ant_gloss_20130517080844,149e3ccc-21de-11e3-a402-0026b9326338
illusion,structure,0,ant_gloss_20130517080844,149e3d9e-21de-11e3-a402-0026b9326338
imbricate,arrangement,0,ant_gloss_20130517080844,149e3e66-21de-11e3-a402-0026b9326338
immaginate,shape,0,ant_gloss_20130517080844,149e3f38-21de-11e3-a402-0026b9326338
immarginate,shape,0,ant_gloss_20130517080844,149e4000-21de-11e3-a402-0026b9326338
imperfect,architecture,0,ant_gloss_20130517080844,149e40dc-21de-11e3-a402-0026b9326338
impression,structure,0,ant_gloss_20130517080844,149e41a4-21de-11e3-a402-0026b9326338
impunctate,surface_sculpture,0,ant_gloss_20130517080844,149e4276-21de-11e3-a402-0026b9326338
incipient,life_stage,0,ant_gloss_20130517080844,149e4348-21de-11e3-a402-0026b9326338
incised,shape,0,ant_gloss_20130517080844,149e441a-21de-11e3-a402-0026b9326338
inclined,orientation,0,ant_gloss_20130517080844,149e44e2-21de-11e3-a402-0026b9326338
inclining,shape,0,ant_gloss_20130517080844,149e45b4-21de-11e3-a402-0026b9326338
incomplete,development,0,ant_gloss_20130517080844,149e4758-21de-11e3-a402-0026b9326338
incurved,shape,0,ant_gloss_20130517080844,149e482a-21de-11e3-a402-0026b9326338
indented,prominence,0,ant_gloss_20130517080844,149e48f2-21de-11e3-a402-0026b9326338
indistinct,prominence,0,ant_gloss_20130517080844,149e49c4-21de-11e3-a402-0026b9326338
indistinguishable,prominence,0,ant_gloss_20130517080844,149e4a96-21de-11e3-a402-0026b9326338
inferolateral,position,0,ant_gloss_20130517080844,149e4b68-21de-11e3-a402-0026b9326338
inflected,shape,0,ant_gloss_20130517080844,149e4c3a-21de-11e3-a402-0026b9326338
infradental,position,0,ant_gloss_20130517080844,149e4d0c-21de-11e3-a402-0026b9326338
infraspecific,position,0,ant_gloss_20130517080844,149e4dde-21de-11e3-a402-0026b9326338
infumated,coloration,0,ant_gloss_20130517080844,149e4ea6-21de-11e3-a402-0026b9326338
insertions,arrangement,0,ant_gloss_20130517080844,149e4f78-21de-11e3-a402-0026b9326338
integument,structure,0,ant_gloss_20130517080844,149e504a-21de-11e3-a402-0026b9326338
inter_gill,position,0,ant_gloss_20130517080844,149e51ee-21de-11e3-a402-0026b9326338
inter_ocular,position,0,ant_gloss_20130517080844,149e52b6-21de-11e3-a402-0026b9326338
inter_orbital,position,0,ant_gloss_20130517080844,149e5388-21de-11e3-a402-0026b9326338
interconnected,arrangement,0,ant_gloss_20130517080844,149e5464-21de-11e3-a402-0026b9326338
interfoveolar,arrangement,0,ant_gloss_20130517080844,149e552c-21de-11e3-a402-0026b9326338
intermediate,position,0,ant_gloss_20130517080844,149e55fe-21de-11e3-a402-0026b9326338
internarial,position,0,ant_gloss_20130517080844,149e56c6-21de-11e3-a402-0026b9326338
internidal,arrangement,0,ant_gloss_20130517080844,149e57a2-21de-11e3-a402-0026b9326338
interocular,arrangement,0,ant_gloss_20130517080844,149e586a-21de-11e3-a402-0026b9326338
interorbit,structure,0,ant_gloss_20130517080844,149e593c-21de-11e3-a402-0026b9326338
interorbital,position,0,ant_gloss_20130517080844,149e5a0e-21de-11e3-a402-0026b9326338
interpelvic,architecture,0,ant_gloss_20130517080844,149e5b94-21de-11e3-a402-0026b9326338
interrugal,arrangement,0,ant_gloss_20130517080844,149e5d42-21de-11e3-a402-0026b9326338
interrupted,architecture,0,ant_gloss_20130517080844,149e5e14-21de-11e3-a402-0026b9326338
intersecting,arrangement,0,ant_gloss_20130517080844,149e5fb8-21de-11e3-a402-0026b9326338
intersegmental,arrangement,0,ant_gloss_20130517080844,149e6080-21de-11e3-a402-0026b9326338
interstitial,surface_sculpture,0,ant_gloss_20130517080844,149e615c-21de-11e3-a402-0026b9326338
interstrial,surface_sculpture,0,ant_gloss_20130517080844,149e622e-21de-11e3-a402-0026b9326338
intertwined,arrangement,0,ant_gloss_20130517080844,149e6300-21de-11e3-a402-0026b9326338
intrageneric,arrangement,0,ant_gloss_20130517080844,149e63d2-21de-11e3-a402-0026b9326338
intraspecific,arrangement,0,ant_gloss_20130517080844,149e64a4-21de-11e3-a402-0026b9326338
intricate,arrangement,0,ant_gloss_20130517080844,149e656c-21de-11e3-a402-0026b9326338
intuscated,arrangement,0,ant_gloss_20130517080844,149e6710-21de-11e3-a402-0026b9326338
invagination,structure,0,ant_gloss_20130517080844,149e67e2-21de-11e3-a402-0026b9326338
iridescent,coloration,0,ant_gloss_20130517080844,149e6a4e-21de-11e3-a402-0026b9326338
iris,structure,0,ant_gloss_20130517080844,149e6b20-21de-11e3-a402-0026b9326338
irrregular,arrangement,0,ant_gloss_20130517080844,149e6bf2-21de-11e3-a402-0026b9326338
ivory,coloration,0,ant_gloss_20130517080844,149e6e68-21de-11e3-a402-0026b9326338
j_shaped,shape,0,ant_gloss_20130517080844,149e6f30-21de-11e3-a402-0026b9326338
jet_black,coloration,0,ant_gloss_20130517080844,149e7002-21de-11e3-a402-0026b9326338
jugal,structure,0,ant_gloss_20130517080844,149e70d4-21de-11e3-a402-0026b9326338
juncture,structure,0,ant_gloss_20130517080844,149e71a6-21de-11e3-a402-0026b9326338
juts,structure,0,ant_gloss_20130517080844,149e7278-21de-11e3-a402-0026b9326338
katepistcrnum,structure,0,ant_gloss_20130517080844,149e734a-21de-11e3-a402-0026b9326338
katepisternum,structure,0,ant_gloss_20130517080844,149e741c-21de-11e3-a402-0026b9326338
katepisternun,structure,0,ant_gloss_20130517080844,149e74ee-21de-11e3-a402-0026b9326338
keeled,shape,0,ant_gloss_20130517080844,149e75c0-21de-11e3-a402-0026b9326338
knees,structure,0,ant_gloss_20130517080844,149e7692-21de-11e3-a402-0026b9326338
knife_edged,shape,0,ant_gloss_20130517080844,149e775a-21de-11e3-a402-0026b9326338
labral,structure,0,ant_gloss_20130517080844,149e782c-21de-11e3-a402-0026b9326338
labrum,structure,0,ant_gloss_20130517080844,149e78fe-21de-11e3-a402-0026b9326338
lachrymals,structure,0,ant_gloss_20130517080844,149e79d0-21de-11e3-a402-0026b9326338
lacunose,surface_sculpture,0,ant_gloss_20130517080844,149e7a98-21de-11e3-a402-0026b9326338
lamellae,structure,0,ant_gloss_20130517080844,149e7b74-21de-11e3-a402-0026b9326338
lamellar,structure,0,ant_gloss_20130517080844,149e7c3c-21de-11e3-a402-0026b9326338
laminar,structure,0,ant_gloss_20130517080844,149e7d0e-21de-11e3-a402-0026b9326338
laminate,shape,0,ant_gloss_20130517080844,149e7de0-21de-11e3-a402-0026b9326338
lanceolate,shape,0,ant_gloss_20130517080844,149e7eb2-21de-11e3-a402-0026b9326338
lancet,structure,0,ant_gloss_20130517080844,149e7f84-21de-11e3-a402-0026b9326338
lanose,surface_sculpture,0,ant_gloss_20130517080844,149e8056-21de-11e3-a402-0026b9326338
large_eyed,structure,0,ant_gloss_20130517080844,149e8128-21de-11e3-a402-0026b9326338
larval,structure,0,ant_gloss_20130517080844,149e81f0-21de-11e3-a402-0026b9326338
last,position,0,ant_gloss_20130517080844,149e82c2-21de-11e3-a402-0026b9326338
late_striate,surface_sculpture,0,ant_gloss_20130517080844,149e8394-21de-11e3-a402-0026b9326338
laterad,position,0,ant_gloss_20130517080844,149e8538-21de-11e3-a402-0026b9326338
lateral,position,0,ant_gloss_20130517080844,149e860a-21de-11e3-a402-0026b9326338
lateral_line,position,0,ant_gloss_20130517080844,149e86d2-21de-11e3-a402-0026b9326338
laterapical,position,0,ant_gloss_20130517080844,149e87a4-21de-11e3-a402-0026b9326338
latero_posterior,position,0,ant_gloss_20130517080844,149e8876-21de-11e3-a402-0026b9326338
laterocaudad,position,0,ant_gloss_20130517080844,149e8948-21de-11e3-a402-0026b9326338
laterotergite,structure,0,ant_gloss_20130517080844,149e8a1a-21de-11e3-a402-0026b9326338
lavender,coloration,0,ant_gloss_20130517080844,149e8bbe-21de-11e3-a402-0026b9326338
lavender_gray,coloration,0,ant_gloss_20130517080844,149e8c86-21de-11e3-a402-0026b9326338
layer,structure,0,ant_gloss_20130517080844,149e8d62-21de-11e3-a402-0026b9326338
lectus,structure,0,ant_gloss_20130517080844,149e9384-21de-11e3-a402-0026b9326338
lengths,length,0,ant_gloss_20130517080844,149e9456-21de-11e3-a402-0026b9326338
level,structure,0,ant_gloss_20130517080844,149e95fa-21de-11e3-a402-0026b9326338
light_colored,coloration,0,ant_gloss_20130517080844,149e96c2-21de-11e3-a402-0026b9326338
light_medium,reflectance,0,ant_gloss_20130517080844,149e979e-21de-11e3-a402-0026b9326338
limb,structure,0,ant_gloss_20130517080844,149e9866-21de-11e3-a402-0026b9326338
linear,shape,0,ant_gloss_20130517080844,149e9adc-21de-11e3-a402-0026b9326338
linear_triangular,shape,0,ant_gloss_20130517080844,149e9bae-21de-11e3-a402-0026b9326338
lineolate,surface_sculpture,0,ant_gloss_20130517080844,149e9d48-21de-11e3-a402-0026b9326338
lining,surface_sculpture,0,ant_gloss_20130517080844,149e9e1a-21de-11e3-a402-0026b9326338
link,fusion,0,ant_gloss_20130517080844,149e9eec-21de-11e3-a402-0026b9326338
lip_like,shape,0,ant_gloss_20130517080844,149e9fbe-21de-11e3-a402-0026b9326338
liquid,structure,0,ant_gloss_20130517080844,149ea086-21de-11e3-a402-0026b9326338
livery,structure,0,ant_gloss_20130517080844,149ea22a-21de-11e3-a402-0026b9326338
loaf_shaped,shape,0,ant_gloss_20130517080844,149ea2fc-21de-11e3-a402-0026b9326338
lobe,structure,0,ant_gloss_20130517080844,149ea3c4-21de-11e3-a402-0026b9326338
long_elliptical,shape,0,ant_gloss_20130517080844,149ea568-21de-11e3-a402-0026b9326338
longish,shape,0,ant_gloss_20130517080844,149ea63a-21de-11e3-a402-0026b9326338
longitudinal,orientation,0,ant_gloss_20130517080844,149ea70c-21de-11e3-a402-0026b9326338
looped,shape,0,ant_gloss_20130517080844,149ea7d4-21de-11e3-a402-0026b9326338
low_triangular,shape,0,ant_gloss_20130517080844,149ea98c-21de-11e3-a402-0026b9326338
lozenge,architecture,0,ant_gloss_20130517080844,149eaa5e-21de-11e3-a402-0026b9326338
lucid,reflectance,0,ant_gloss_20130517080844,149eab30-21de-11e3-a402-0026b9326338
lugulose,surface_sculpture,0,ant_gloss_20130517080844,149eac02-21de-11e3-a402-0026b9326338
lustrous,reflectance,0,ant_gloss_20130517080844,149eacca-21de-11e3-a402-0026b9326338
luteous,coloration,0,ant_gloss_20130517080844,149ead9c-21de-11e3-a402-0026b9326338
macropterus,structure,0,ant_gloss_20130517080844,149eaf40-21de-11e3-a402-0026b9326338
macrotrema,structure,0,ant_gloss_20130517080844,149eb008-21de-11e3-a402-0026b9326338
mahogany,coloration,0,ant_gloss_20130517080844,149eb0da-21de-11e3-a402-0026b9326338
malar,structure,0,ant_gloss_20130517080844,149eb274-21de-11e3-a402-0026b9326338
malpighian,structure,0,ant_gloss_20130517080844,149eb346-21de-11e3-a402-0026b9326338
mandibular,structure,0,ant_gloss_20130517080844,149eb418-21de-11e3-a402-0026b9326338
